ID,Filename,Title,Description,Created At,Updated At,Source
44754156,1_084-my-top-dragon-blood-bangers-for-2025.txt,084 : My Top Dragon Blood Bangers For 2025,,2026-03-25 20:07:09 UTC,2026-03-25 20:55:00 UTC,https://minorgenius.substack.com/p/084-my-top-dragon-blood-bangers-for
44754157,2_every-time-we-need-to-begin-again.txt,Every Time We Need to Begin Again,,2026-03-25 20:07:09 UTC,2026-03-25 20:55:00 UTC,https://thesmallbow.substack.com/p/every-time-we-need-to-begin-again
44754158,3_my-internet-chris-gayomali.txt,My Internet: Chris Gayomali,,2026-03-25 20:07:09 UTC,2026-03-25 20:55:00 UTC,https://open.substack.com/pub/embedded/p/my-internet-chris-gayomali
44754159,4_since-i-became-symptomatic-leslie-jamison.txt,**‘Since I Became Symptomatic’ - Leslie Jamison**,,2026-03-25 20:07:09 UTC,2026-03-25 20:55:00 UTC,https://www.nybooks.com/online/2020/03/26/since-i-became-symptomatic/#:~:text=Getting%20righteous%20about%20other%20people%E2%80%99s%20inadequate%20social%20distancing%20is%20how%20we%20manage%20our%20fear%20and%20justify%20our%20sacrifices.
44754161,5_why-are-pants-so-big-again.txt,Why Are Pants So Big (Again)?,,2026-03-25 20:07:09 UTC,2026-03-25 20:54:59 UTC,https://www.nytimes.com/2024/03/03/magazine/big-pants-style.html
44754162,6_do-i-contradict-myself.txt,Do I contradict myself?,,2026-03-25 20:07:09 UTC,2026-03-25 20:54:59 UTC,https://www.welcometohellworld.com/do-i-contradict-myself/
44754163,7_ezra-klein-s-formula-for-a-good-day-involves-th....txt,Ezra Klein’s Formula for a Good Day Involves These Four Things,,2026-03-25 20:07:09 UTC,2026-03-25 20:54:59 UTC,https://www.gq.com/story/ezra-klein-routine-excellence
44754164,8_ezra-klein-s-formula-for-a-good-day-involves-th....txt,Ezra Klein’s Formula for a Good Day Involves These Four Things,,2026-03-25 20:07:09 UTC,2026-03-25 20:54:59 UTC,https://www.gq.com/story/ezra-klein-routine-excellence
44754165,9_excuse-me-but-why-are-you-eating-so-many-frogs.txt,Excuse me but why are you eating so many frogs,,2026-03-25 20:07:09 UTC,2026-03-25 20:54:59 UTC,https://www.experimental-history.com/p/excuse-me-but-why-are-you-eating
44754166,10_the-work-is-not-enough.txt,The Work is Not Enough,,2026-03-25 20:07:10 UTC,2026-03-25 20:54:59 UTC,https://annehelen.substack.com/p/the-work-is-not-enough
44754167,11_understanding-the-right-1.txt,Understanding the Right #1,,2026-03-25 20:07:10 UTC,2026-03-25 20:54:59 UTC,https://driftglass.blogspot.com/2008/10/understanding-right-1.html
44754168,12_how-cal-newport-rewrote-the-productivity-gospel.txt,How Cal Newport rewrote the productivity gospel,,2026-03-25 20:07:10 UTC,2026-03-25 20:54:59 UTC,https://www.ft.com/content/176c104a-32c0-4267-b122-add10e5405f9
44754169,13_indignity-vol-3-no-36-rude-a-woke-ening.txt,"INDIGNITY VOL. 3 ,NO. 36: Rude a-woke-ening.",,2026-03-25 20:07:10 UTC,2026-03-25 20:54:59 UTC,https://indignity.substack.com/p/indignity-vol-3-no-36-rude-a-woke
44754170,14_opinion-why-petulant-oligarchs-rule-our-world.txt,**Opinion - Why Petulant Oligarchs Rule Our World**,,2026-03-25 20:07:10 UTC,2026-03-25 20:54:59 UTC,https://www.nytimes.com/2022/12/19/opinion/columnists/elon-musk-twitter-oligarchs.html#:~:text=As%20The%20Times%E2%80%99s%20Kevin%20Roose%20recently%20pointed%20out%2C%20Musk%20still%20has%20many%20admirers%20in%20the%20technology%20world.%20They%20see%20him%20not%20as%20a%20whiny%20brat%20but%20as%20someone%20who%20understands%20how%20the%20world%20should%20be%20run%20%E2%80%94%20an%20ideology%20the%20writer%20John%20Ganz%20calls%20bossism%2C%20a%20belief%20that%20the%20big%20people%20shouldn%E2%80%99t%20have%20to%20answer%20to%2C%20or%20even%20face%20criticism%20from%2C%20the%20little%20people.%20And%20adherents%20of%20that%20ideology%20clearly%20have%20a%20lot%20of%20power%2C%20even%20if%20that%20power%20doesn%E2%80%99t%20yet%20extend%20to%20protecting%20the%20likes%20of%20Musk%20from%20getting%20booed%20in%20public.
44754171,15_themes-of-a-year-2022.txt,Themes of a Year (2022),,2026-03-25 20:07:10 UTC,2026-03-25 20:54:59 UTC,https://annehelen.substack.com/p/themes-of-a-year-2022
44754172,16_themes-of-a-year-2022.txt,Themes of a Year (2022),,2026-03-25 20:07:10 UTC,2026-03-25 20:54:59 UTC,https://annehelen.substack.com/p/themes-of-a-year-2022
44754173,17_i-called-everyone-in-jeffrey-epstein-s-little-b....txt,I called everyone in Jeffrey Epstein's little black book.,,2026-03-25 20:07:10 UTC,2026-03-25 20:54:59 UTC,https://www.motherjones.com/politics/2020/10/i-called-everyone-in-jeffrey-epsteins-little-black-book/
44754174,18_i-called-everyone-in-jeffrey-epstein-s-little-b....txt,I called everyone in Jeffrey Epstein's little black book.,,2026-03-25 20:07:10 UTC,2026-03-25 20:54:59 UTC,https://www.motherjones.com/politics/2020/10/i-called-everyone-in-jeffrey-epsteins-little-black-book/
44754175,19_closing-up-shop-on-a-marriage.txt,Closing Up Shop on a Marriage,,2026-03-25 20:07:10 UTC,2026-03-25 20:54:59 UTC,https://www.nytimes.com/2022/04/08/style/modern-love-closing-up-shop-on-a-marriage.html
44754176,20_when-the-traffic-firehose-is-pointed-at-you.txt,When the traffic firehose is pointed at you,,2026-03-25 20:07:10 UTC,2026-03-25 20:54:59 UTC,https://www.garbageday.email/p/when-the-traffic-firehose-is-pointed
44754177,21_is-crypto-bullshit.txt,Is Crypto Bullshit?,,2026-03-25 20:07:10 UTC,2026-03-25 20:54:59 UTC,https://modelcitizen.substack.com/p/is-crypto-bullshit
44754178,22_is-crypto-bullshit.txt,Is Crypto Bullshit?,,2026-03-25 20:07:10 UTC,2026-03-25 20:54:59 UTC,https://modelcitizen.substack.com/p/is-crypto-bullshit
44754179,23_how-do-i-just-be-a-fucking-adult.txt,How Do I Just Be a Fucking Adult?',,2026-03-25 20:07:10 UTC,2026-03-25 20:54:59 UTC,https://askpolly.substack.com/p/how-do-i-just-be-a-fucking-adult
44754180,24_me-and-gary-vee-down-by-the-schoolyard.txt,Me and Gary Vee down by the schoolyard,,2026-03-25 20:07:11 UTC,2026-03-25 20:54:59 UTC,https://onposting.substack.com/p/me-and-gary-vee-down-by-the-schoolyard
44754181,25_you-re-still-exhausted.txt,You're Still Exhausted,,2026-03-25 20:07:11 UTC,2026-03-25 20:54:59 UTC,https://annehelen.substack.com/p/youre-still-exhausted
44754182,26_have-fun-be-safe.txt,Have Fun. Be Safe.,,2026-03-25 20:07:11 UTC,2026-03-25 20:54:59 UTC,https://www.acl.news/p/have-fun-be-safe
44754183,27_aaron-levine-on-retailing-instagram-and-thrifti....txt,"Aaron Levine on Retailing, Instagram, and Thrifting – Put This On",,2026-03-25 20:07:11 UTC,2026-03-25 20:54:59 UTC,https://putthison.com/aaron-levine-on-retailing-instagram-and-thrifting/
44754184,28_replaying-my-shame.txt,Replaying My Shame,,2026-03-25 20:07:11 UTC,2026-05-27 22:48:55 UTC,https://www.thecut.com/2020/02/emily-gould-gawker-shame.html
44754185,29_my-new-band-is-slate-star-clusterfuck.txt,My New Band Is: Slate Star Clusterfuck,,2026-03-25 20:07:11 UTC,2026-03-25 20:54:59 UTC,https://mynewbandis.substack.com/p/slate-star-clusterfuck
44754186,30_my-new-band-is-slate-star-clusterfuck.txt,My New Band Is: Slate Star Clusterfuck,,2026-03-25 20:07:11 UTC,2026-03-25 20:54:59 UTC,https://mynewbandis.substack.com/p/slate-star-clusterfuck
44754187,31_qanon-is-destroying-the-gop-from-within.txt,QAnon Is Destroying the GOP From Within,,2026-03-25 20:07:11 UTC,2026-03-25 20:54:59 UTC,https://www.theatlantic.com/ideas/archive/2021/01/conspiracy-theories-will-doom-republican-party/617707/
44754188,32_qanon-is-destroying-the-gop-from-within.txt,QAnon Is Destroying the GOP From Within,,2026-03-25 20:07:11 UTC,2026-03-25 20:54:59 UTC,https://www.theatlantic.com/ideas/archive/2021/01/conspiracy-theories-will-doom-republican-party/617707/
44754189,33_the-year-social-media-became-an-absolute-nightmare.txt,The year social media became an absolute nightmare,,2026-03-25 20:07:11 UTC,2026-03-25 20:54:59 UTC,https://www.vox.com/the-goods/2020/12/16/22174653/bad-tweets-worst-twitter-2020
44754190,34_the-year-social-media-became-an-absolute-nightmare.txt,The year social media became an absolute nightmare,,2026-03-25 20:07:11 UTC,2026-03-25 20:54:59 UTC,https://www.vox.com/the-goods/2020/12/16/22174653/bad-tweets-worst-twitter-2020
44754191,35_the-year-social-media-became-an-absolute-nightmare.txt,The year social media became an absolute nightmare,,2026-03-25 20:07:11 UTC,2026-03-25 20:55:00 UTC,https://www.vox.com/the-goods/2020/12/16/22174653/bad-tweets-worst-twitter-2020
44754192,36_the-year-social-media-became-an-absolute-nightmare.txt,The year social media became an absolute nightmare,,2026-03-25 20:07:11 UTC,2026-03-25 20:55:00 UTC,https://www.vox.com/the-goods/2020/12/16/22174653/bad-tweets-worst-twitter-2020
44754193,37_david-chang-s-memoir-eat-a-peach-reviewed-an-em....txt,David Chang’s Memoir ‘Eat a Peach’ Reviewed: An Employee’s Trauma,,2026-03-25 20:07:11 UTC,2026-03-25 20:55:00 UTC,https://www.eater.com/22193151/momofuku-david-chang-memoir-eat-a-peach-review
44754194,38_inside-the-new-york-times-heated-reckoning-with....txt,Inside the New York Times’ Heated Reckoning With Itself,,2026-03-25 20:07:12 UTC,2026-03-25 20:55:00 UTC,https://nymag.com/intelligencer/2020/11/inside-the-new-york-times-heated-reckoning-with-itself.html
44754195,39_an-anonymous-republican-on-power-vs-contempt-fo....txt,An Anonymous Republican on Power vs. Contempt for Trump,,2026-03-25 20:07:12 UTC,2026-03-25 20:55:00 UTC,https://nymag.com/intelligencer/2020/10/anonymous-republican-donald-trump.html
44754397,40_an-anonymous-republican-on-power-vs-contempt-fo....txt,An Anonymous Republican on Power vs. Contempt for Trump,,2026-03-25 20:11:22 UTC,2026-03-25 20:54:59 UTC,https://nymag.com/intelligencer/2020/10/anonymous-republican-donald-trump.html
44754398,41_it-s-the-3-year-anniversary-of-ted-cruz-liking-....txt,It's The 3-Year Anniversary Of Ted Cruz Liking A Porn Tweet On 9/11,,2026-03-25 20:11:23 UTC,2026-03-25 20:54:59 UTC,https://garbageday.substack.com/p/its-the-3-year-anniversary-of-ted
44754399,42_the-abolition-movement.txt,The Abolition Movement,,2026-03-25 20:11:23 UTC,2026-03-25 20:54:59 UTC,https://www.vanityfair.com/culture/2020/08/the-abolition-movement
44754400,43_maintaining-professionalism-in-the-age-of-black....txt,Maintaining Professionalism In The Age of Black Death Is….A Lot,,2026-03-25 20:11:23 UTC,2026-03-25 20:54:59 UTC,https://medium.com/@shenequagolding/maintaining-professionalism-in-the-age-of-black-death-is-a-lot-5eaec5e17585
44754401,44_slate-star-codex-and-silicon-valley-s-war-again....txt,Slate Star Codex and Silicon Valley’s War Against the Media,,2026-03-25 20:11:23 UTC,2026-03-25 20:54:59 UTC,https://www.newyorker.com/culture/annals-of-inquiry/slate-star-codex-and-silicon-valleys-war-against-the-media
44754402,45_slate-star-codex-and-silicon-valley-s-war-again....txt,Slate Star Codex and Silicon Valley’s War Against the Media,,2026-03-25 20:11:23 UTC,2026-03-25 20:54:59 UTC,https://www.newyorker.com/culture/annals-of-inquiry/slate-star-codex-and-silicon-valleys-war-against-the-media
44754403,46_slate-star-codex-and-silicon-valley-s-war-again....txt,Slate Star Codex and Silicon Valley’s War Against the Media,,2026-03-25 20:11:23 UTC,2026-03-25 20:54:59 UTC,https://www.newyorker.com/culture/annals-of-inquiry/slate-star-codex-and-silicon-valleys-war-against-the-media
44754404,47_who-gets-to-be-afraid-in-america.txt,Who Gets to Be Afraid in America?,,2026-03-25 20:11:23 UTC,2026-03-25 20:54:59 UTC,https://www.theatlantic.com/ideas/archive/2020/05/ahmaud-arbery/611539/
44754405,48_britain-is-not-america-but-we-too-are-disfigure....txt,**Britain is not America. But we too are disfigured by deep and pervasive racism - David Olusoga**,,2026-03-25 20:11:24 UTC,2026-03-25 20:54:59 UTC,https://www.theguardian.com/commentisfree/2020/jun/07/britain-is-not-america-but-we-too-are-disfigured-by-deep-and-pervasive-racism#:~:text=Is%20that%20really%20the%20extent%20of%20our%20ambition%20%E2%80%93%20to%20be%20a%20somewhat%20less%20racist%20nation%20than%20one%20led%20by%20a%20man%20who%20describes%20white%20nationalists%20and%20members%20of%20the%20Ku%20Klux%20Klan%20as%20%E2%80%9Cvery%20fine%20people%E2%80%9D%3F
44754407,49_how-to-maximize-your-order-at-majordomo-david-c....txt,"How to maximize your order at Majordomo, David Chang’s ode to LA cuisine",,2026-03-25 20:11:24 UTC,2026-03-25 20:54:59 UTC,https://la.eater.com/2020/1/3/21004884/what-to-order-best-dishes-majordomo-los-angeles-david-chang-restaurant-menu
44754409,50_a-reader-asked-for-my-help-escaping-toxic-woken....txt,A Reader Asked For My Help Escaping Toxic Wokeness And Finding Something More Meaningful,,2026-03-25 20:11:24 UTC,2026-03-25 20:54:59 UTC,https://jessesingal.substack.com/p/a-reader-asked-for-my-help-escaping
44754411,51_a-reader-asked-for-my-help-escaping-toxic-woken....txt,A Reader Asked For My Help Escaping Toxic Wokeness And Finding Something More Meaningful,,2026-03-25 20:11:24 UTC,2026-03-25 20:54:59 UTC,https://jessesingal.substack.com/p/a-reader-asked-for-my-help-escaping
44754412,52_a-reader-asked-for-my-help-escaping-toxic-woken....txt,A Reader Asked For My Help Escaping Toxic Wokeness And Finding Something More Meaningful,,2026-03-25 20:11:24 UTC,2026-03-25 20:54:59 UTC,https://jessesingal.substack.com/p/a-reader-asked-for-my-help-escaping
44754413,53_a-reader-asked-for-my-help-escaping-toxic-woken....txt,A Reader Asked For My Help Escaping Toxic Wokeness And Finding Something More Meaningful,,2026-03-25 20:11:24 UTC,2026-03-25 20:54:59 UTC,https://jessesingal.substack.com/p/a-reader-asked-for-my-help-escaping
44754415,54_a-reader-asked-for-my-help-escaping-toxic-woken....txt,A Reader Asked For My Help Escaping Toxic Wokeness And Finding Something More Meaningful,,2026-03-25 20:11:24 UTC,2026-03-25 20:54:59 UTC,https://jessesingal.substack.com/p/a-reader-asked-for-my-help-escaping
44754416,55_a-reader-asked-for-my-help-escaping-toxic-woken....txt,A Reader Asked For My Help Escaping Toxic Wokeness And Finding Something More Meaningful,,2026-03-25 20:11:25 UTC,2026-03-25 20:54:59 UTC,https://jessesingal.substack.com/p/a-reader-asked-for-my-help-escaping
44754417,56_a-reader-asked-for-my-help-escaping-toxic-woken....txt,A Reader Asked For My Help Escaping Toxic Wokeness And Finding Something More Meaningful,,2026-03-25 20:11:25 UTC,2026-03-25 20:54:59 UTC,https://jessesingal.substack.com/p/a-reader-asked-for-my-help-escaping
44754419,57_the-hater-s-guide-to-mayor-pete.txt,The Hater’s Guide to Mayor Pete,,2026-03-25 20:11:25 UTC,2026-03-25 20:54:59 UTC,https://gen.medium.com/the-haters-guide-to-mayor-pete-d383ebd94bb5
44754420,58_to-everything-there-is-a-season.txt,To everything there is a season,,2026-03-25 20:11:25 UTC,2026-03-25 20:54:59 UTC,https://blog.8tracks.com/2019/12/26/to-everything-there-is-a-season/
44754421,59_do-you-have-the-mental-emotional-bandwidth-to-r....txt,Do you have the mental/emotional bandwidth to read this essay?,,2026-03-25 20:11:25 UTC,2026-03-25 20:54:58 UTC,https://theoutline.com/post/8416/considerate-text-template-twitter
44754423,60_the-education-of-natalie-jean.txt,The Education of Natalie Jean,,2026-03-25 20:11:25 UTC,2026-03-25 20:54:58 UTC,https://www.elle.com/life-love/a29438763/natalie-lovin-mommy-blog-influencer/
44754426,61_trolls-for-trump.txt,Trolls for Trump,,2026-03-25 20:11:25 UTC,2026-03-25 20:54:58 UTC,https://www.newyorker.com/magazine/2016/10/31/trolls-for-trump
44754428,62_the-newly-single-woman-convinced-she-s-going-to....txt,The Newly Single Woman Convinced She’s Going to Die Alone,,2026-03-25 20:11:25 UTC,2026-03-25 20:54:58 UTC,https://www.thecut.com/2019/09/sex-story-the-single-woman-sure-shes-going-to-die-alone.html
44754429,63_the-baraboo-nazi-prom-photo-shocked-the-world-t....txt,The Baraboo Nazi Prom Photo Shocked The World. The City’s Response Shocked Its Residents.,,2026-03-25 20:11:25 UTC,2026-03-25 20:54:58 UTC,https://www.buzzfeednews.com/article/josephbernstein/baraboo-nazi-prom-photo
44754431,64_the-story-of-caroline-calloway-her-ghostwriter-....txt,The Story of Caroline Calloway & Her Ghostwriter Natalie,,2026-03-25 20:11:26 UTC,2026-03-25 20:54:58 UTC,https://www.thecut.com/2019/09/the-story-of-caroline-calloway-and-her-ghostwriter-natalie.html
44754432,65_why-is-joe-rogan-so-popular.txt,Why Is Joe Rogan So Popular?,,2026-03-25 20:11:26 UTC,2026-03-25 20:54:58 UTC,https://www.theatlantic.com/entertainment/archive/2019/08/my-joe-rogan-experience/594802/
44754435,66_the-checklist-habit-david-perell.txt,The Checklist Habit — David Perell,,2026-03-25 20:11:26 UTC,2026-03-25 20:54:58 UTC,https://www.perell.com/blog/the-checklist-habit
44754436,67_the-checklist-habit-david-perell.txt,The Checklist Habit — David Perell,,2026-03-25 20:11:26 UTC,2026-03-25 20:54:58 UTC,https://www.perell.com/blog/the-checklist-habit
44754437,68_interior-monologue-design-theories.txt,INTERIOR MONOLOGUE: DESIGN THEORIES,,2026-03-25 20:11:26 UTC,2026-03-25 20:54:58 UTC,https://thecontender.co/blog/interior-monologue-design-theories
44754438,69_twitter-s-redesign-isn-t-about-you-onezero.txt,Twitter’s Redesign Isn’t About You - OneZero,,2026-03-25 20:11:26 UTC,2026-03-25 20:54:58 UTC,https://onezero.medium.com/twitters-redesign-isn-t-about-you-3dd710b0f9e0
44754439,70_my-son-the-prince-of-fashion.txt,"My Son, The Prince Of Fashion",,2026-03-25 20:11:26 UTC,2026-03-25 20:54:58 UTC,https://www.gq.com/story/my-son-the-prince-of-fashion
44754442,71_the-wild-ride-at-babe-net.txt,The Wild Ride at Babe.Net,,2026-03-25 20:11:26 UTC,2026-03-25 20:54:58 UTC,https://www.thecut.com/2019/06/babe-net-aziz-ansari-date-rise-and-fall.html
44754444,72_the-wild-ride-at-babe-net.txt,The Wild Ride at Babe.Net,,2026-03-25 20:11:26 UTC,2026-03-25 20:54:58 UTC,https://www.thecut.com/2019/06/babe-net-aziz-ansari-date-rise-and-fall.html
44754445,73_the-untold-story-of-otto-warmbier-american-hostage.txt,"The Untold Story of Otto Warmbier, American Hostage",,2026-03-25 20:11:26 UTC,2026-03-25 20:54:58 UTC,https://www.gq.com/story/otto-warmbier-north-korea-american-hostage-true-story
44754446,74_tom-sachs-on-creative-leadership-and-the-import....txt,Tom Sachs on creative leadership and the importance of idealism,,2026-03-25 20:11:26 UTC,2026-03-25 20:54:58 UTC,https://www.voguebusiness.com/fashion/tom-sachs-artist-design-nike
44754447,75_tom-sachs-on-creative-leadership-and-the-import....txt,Tom Sachs on creative leadership and the importance of idealism,,2026-03-25 20:11:27 UTC,2026-03-25 20:54:58 UTC,https://www.voguebusiness.com/fashion/tom-sachs-artist-design-nike
44754448,76_tom-sachs-on-creative-leadership-and-the-import....txt,Tom Sachs on creative leadership and the importance of idealism,,2026-03-25 20:11:27 UTC,2026-03-25 20:54:58 UTC,https://www.voguebusiness.com/fashion/tom-sachs-artist-design-nike
44754449,77_america-s-job-listings-have-gone-off-the-deep-end.txt,America’s Job Listings Have Gone Off the Deep End,,2026-03-25 20:11:27 UTC,2026-03-25 20:54:58 UTC,https://www.theatlantic.com/health/archive/2019/06/looking-for-a-job-americas-listings-are-inscrutable/591616/
44754450,78_shape-up.txt,Shape Up,,2026-03-25 20:11:27 UTC,2026-03-25 20:54:58 UTC,https://basecamp.com/shapeup/0.1-foreword
44754451,79_jonathan-ive-and-the-future-of-apple.txt,Jonathan Ive and the Future of Apple,,2026-03-25 20:11:27 UTC,2026-03-25 20:54:58 UTC,https://www.newyorker.com/magazine/2015/02/23/shape-things-come
44754601,80_the-ultimate-guide-to-google-sheets-as-a-reliab....txt,The ultimate guide to Google Sheets as a reliable data source,,2026-03-25 20:15:00 UTC,2026-03-25 20:54:58 UTC,https://towardsdatascience.com/google-sheet-data-warehouse-c22bb2cce4b0
44754602,81_jonathan-ive-and-the-future-of-apple.txt,Jonathan Ive and the Future of Apple,,2026-03-25 20:15:00 UTC,2026-03-25 20:54:58 UTC,https://www.newyorker.com/magazine/2015/02/23/shape-things-come
44754603,82_jony-ive-is-leaving-apple.txt,Jony Ive Is Leaving Apple,,2026-03-25 20:15:01 UTC,2026-03-25 20:54:58 UTC,https://daringfireball.net/2019/06/jony_ive_leaves_apple
44754604,83_when-did-work-life-balance-become-such-a-bad-thing.txt,When did work-life balance become such a bad thing?,,2026-03-25 20:15:01 UTC,2026-03-25 20:54:58 UTC,https://m.signalvnoise.com/when-did-work-life-balance-become-such-a-bad-thing/
44754605,84_when-did-work-life-balance-become-such-a-bad-thing.txt,When did work-life balance become such a bad thing?,,2026-03-25 20:15:01 UTC,2026-03-25 20:54:58 UTC,https://m.signalvnoise.com/when-did-work-life-balance-become-such-a-bad-thing/
44754606,85_this-is-not-how-i-expected-monday-to-go-jen-gen....txt,This is not how I expected Monday to go! – Jen Gennai – Medium,,2026-03-25 20:15:01 UTC,2026-03-25 20:54:58 UTC,https://medium.com/@gennai.jen/this-is-not-how-i-expected-monday-to-go-e92771c7aa82
44754607,86_the-oral-history-of-virgil-abloh.txt,The Oral History of Virgil Abloh,,2026-03-25 20:15:01 UTC,2026-03-25 20:54:58 UTC,https://www.gq.com/story/virgil-abloh-cover-story-spring-2019
44754608,87_there-s-no-such-thing-as-a-good-dog.txt,There's No Such Thing as a Good Dog,,2026-03-25 20:15:01 UTC,2026-03-25 20:54:58 UTC,https://www.outsideonline.com/2177341/theres-no-such-thing-good-dog
44754609,88_the-unlikely-preacher-of-action-sports.txt,The Unlikely Preacher of Action Sports,,2026-03-25 20:15:01 UTC,2026-03-25 20:54:58 UTC,https://www.outsideonline.com/2380521/unlikely-preacher-action-sports-sal-masekela
44754610,89_inside-the-cultish-dreamworld-of-augusta-national.txt,Inside the Cultish Dreamworld of Augusta National,,2026-03-25 20:15:01 UTC,2026-03-25 20:54:58 UTC,https://www.newyorker.com/magazine/2019/06/24/inside-the-cultish-dreamworld-of-augusta-national
44754611,90_inside-the-cultish-dreamworld-of-augusta-national.txt,Inside the Cultish Dreamworld of Augusta National,,2026-03-25 20:15:01 UTC,2026-03-25 20:54:58 UTC,https://www.newyorker.com/magazine/2019/06/24/inside-the-cultish-dreamworld-of-augusta-national
44754612,91_stay-in-the-game.txt,Stay in the Game,,2026-03-25 20:15:01 UTC,2026-03-25 20:54:58 UTC,https://www.albertbridgecapital.com/drew-views/2019/6/17/stay-in-the-game
44754613,92_how-bioware-s-anthem-went-wrong.txt,How BioWare's Anthem Went Wrong,,2026-03-25 20:15:01 UTC,2026-03-25 20:54:58 UTC,https://kotaku.com/how-biowares-anthem-went-wrong-1833731964
44754614,93_how-bioware-s-anthem-went-wrong.txt,How BioWare's Anthem Went Wrong,,2026-03-25 20:15:01 UTC,2026-03-25 20:54:58 UTC,https://kotaku.com/how-biowares-anthem-went-wrong-1833731964
44754615,94_this-man-makes-founders-cry-backchannel.txt,**This Man Makes Founders Cry - Backchannel**,,2026-03-25 20:15:01 UTC,2026-03-25 20:54:58 UTC,https://www.wired.com/2017/02/this-man-makes-founders-cry/
44754616,95_the-making-of-a-youtube-radical.txt,The Making of a YouTube Radical,,2026-03-25 20:15:01 UTC,2026-03-25 20:54:58 UTC,https://www.nytimes.com/interactive/2019/06/08/technology/youtube-radical.html
44754617,96_the-mind-boggling-world-of-short-story-writer-m....txt,The Mind-Boggling World Of Short-Story Writer Mr Ted Chiang,,2026-03-25 20:15:02 UTC,2026-03-25 20:54:58 UTC,https://www.mrporter.com/journal/the-interview/the-mind-boggling-world-of-short-story-writer-mr-ted-chiang/4622
44754618,97_at-untuckit-clothes-make-the-man-and-the-man-ne....txt,"At UNTUCKit, Clothes Make the Man, and the Man Needs Help",,2026-03-25 20:15:02 UTC,2026-03-25 20:54:58 UTC,https://jezebel.com/at-untuckit-clothes-make-the-man-and-the-man-needs-he-1833978437
44754619,98_friends-of-the-pod.txt,Friends of the Pod,,2026-03-25 20:15:02 UTC,2026-03-25 20:54:58 UTC,https://nplusonemag.com/issue-34/the-intellectual-situation/friends-of-the-pod/
44754621,99_friends-of-the-pod.txt,Friends of the Pod,,2026-03-25 20:15:02 UTC,2026-03-25 20:54:58 UTC,https://nplusonemag.com/issue-34/the-intellectual-situation/friends-of-the-pod/
44754622,100_the-night-the-lights-went-out.txt,The Night The Lights Went Out,,2026-03-25 20:15:02 UTC,2026-03-25 20:54:58 UTC,https://theconcourse.deadspin.com/the-night-the-lights-went-out-1834298070
44754623,101_jack-dorsey-s-ted-interview-and-the-end-of-an-era.txt,Jack Dorsey’s TED Interview and the End of an Era,,2026-03-25 20:15:02 UTC,2026-03-25 20:54:58 UTC,https://www.newyorker.com/news/letter-from-silicon-valley/jack-dorseys-ted-interview-and-the-end-of-an-era
44754624,102_michelin-restaurants-and-fabulous-wines-inside-....txt,Michelin restaurants and fabulous wines: Inside the secret team dinners that have built the Spurs' dynasty,,2026-03-25 20:15:02 UTC,2026-03-25 20:54:58 UTC,http://www.espn.com/nba/story/_/id/26524600
44754625,103_getting-started-with-getting-things-done.txt,"**Getting started with ""Getting Things Done""",,2026-03-25 20:15:02 UTC,2026-03-25 20:54:58 UTC,http://www.43folders.com/2004/09/08/getting-started-with-getting-things-done
44754626,104_getting-started-with-getting-things-done.txt,"**Getting started with ""Getting Things Done""",,2026-03-25 20:15:02 UTC,2026-03-25 20:54:57 UTC,http://www.43folders.com/2004/09/08/getting-started-with-getting-things-done
44754627,105_michelin-restaurants-and-fabulous-wines-inside-....txt,Michelin restaurants and fabulous wines: Inside the secret team dinners that have built the Spurs' dynasty,,2026-03-25 20:15:02 UTC,2026-03-25 20:54:57 UTC,http://www.espn.com/nba/story/_/id/26524600
44754628,106_tiny-love-stories-i-wanted-more-from-college-th....txt,Tiny Love Stories: I Wanted More From College. Then I Fell for Him.,,2026-03-25 20:15:02 UTC,2026-03-25 20:54:57 UTC,https://www.nytimes.com/2019/05/07/style/tiny-love-stories-i-wanted-more-from-college-then-i-fell-for-him.html
44754629,107_one-of-theranos-first-investors-has-learned-app....txt,One of Theranos’ first investors has learned approximately nothing from its implosion,,2026-03-25 20:15:02 UTC,2026-03-25 20:54:57 UTC,https://theoutline.com/post/7157/one-of-theranos-first-investors-has-learned-approximately-nothing-from-its-implosion
44754630,108_why-the-utility-trend-is-here-to-stay.txt,Why The Utility Trend Is Here To Stay,,2026-03-25 20:15:02 UTC,2026-03-25 20:54:57 UTC,https://www.mrporter.com/journal/the-look/why-the-utility-trend-is-here-to-stay/4525
44754631,109_is-mr-porter-just-goop-for-men-put-this-on.txt,Is Mr. Porter Just Goop for Men? – Put This On,,2026-03-25 20:15:03 UTC,2026-03-25 20:54:57 UTC,https://putthison.com/is-mr-porter-just-goop-for-men/
44754632,110_acronym-designer-errolson-hugh-sees-the-future.txt,Acronym Designer Errolson Hugh Sees the Future,,2026-03-25 20:15:03 UTC,2026-03-25 20:54:57 UTC,https://www.gq.com/story/errolson-hugh-acronym-profile
44754633,111_david-boies-pleads-not-guilty.txt,David Boies Pleads Not Guilty,,2026-03-25 20:15:03 UTC,2026-03-25 20:54:57 UTC,https://www.nytimes.com/2018/09/21/business/david-boies-pleads-not-guilty.html
44754634,112_david-boies-s-fall-from-grace.txt,David Boies’s Fall From Grace,,2026-03-25 20:15:03 UTC,2026-03-25 20:54:57 UTC,https://abovethelaw.com/2018/09/david-boiess-fall-from-grace/
44754635,113_david-boies-s-fall-from-grace.txt,David Boies’s Fall From Grace,,2026-03-25 20:15:03 UTC,2026-03-25 20:54:57 UTC,https://abovethelaw.com/2018/09/david-boiess-fall-from-grace/
44754636,114_the-rise-of-elective-sobriety-elemental.txt,The Rise of Elective Sobriety – Elemental,,2026-03-25 20:15:03 UTC,2026-03-25 20:54:57 UTC,https://elemental.medium.com/the-rise-of-elective-sobriety-8989550afbcb
44754637,115_work-harder-or-the-communists-will-win.txt,Work harder or the communists will win!,,2026-03-25 20:15:03 UTC,2026-03-25 20:54:57 UTC,https://m.signalvnoise.com/work-harder-or-the-communists-will-win/
44754638,116_so-you-want-to-be-an-influencer-the-realities-o....txt,So You Want to Be an Influencer: The Realities of Being Insta-Famous,,2026-03-25 20:15:03 UTC,2026-03-25 20:54:57 UTC,https://gearjunkie.com/brianna-madia-instagram-influencer
44754639,117_what-happened-in-green-bay.txt,What Happened in Green Bay,,2026-03-25 20:15:03 UTC,2026-03-25 20:54:57 UTC,https://bleacherreport.com/articles/2828649-what-happened-in-green-bay
44754640,118_that-noise-the-rich-neighbors-digging-a-basemen....txt,That Noise? The Rich Neighbors Digging a Basement Pool in Their $100 Million Brownstone,,2026-03-25 20:15:03 UTC,2026-03-25 20:54:57 UTC,https://www.nytimes.com/2019/04/05/nyregion/gentrification-one-percent-manhattan.html
44754641,119_the-believer.txt,The Believer,,2026-03-25 20:15:03 UTC,2026-03-25 20:54:57 UTC,https://story.californiasunday.com/elizabeth-swaney
44754693,120_the-believer.txt,The Believer,,2026-03-25 20:17:18 UTC,2026-03-25 20:54:57 UTC,https://story.californiasunday.com/elizabeth-swaney
44754694,121_the-believer.txt,The Believer,,2026-03-25 20:17:18 UTC,2026-03-25 20:54:57 UTC,https://story.californiasunday.com/elizabeth-swaney
44754695,122_what-it-s-like-to-grow-up-with-more-money-than-....txt,What It’s Like to Grow Up With More Money Than You’ll Ever Spend,,2026-03-25 20:17:18 UTC,2026-03-25 20:54:57 UTC,https://www.thecut.com/2019/03/abigail-disney-has-more-money-than-shell-ever-spend.html
44754696,123_what-it-s-like-to-grow-up-with-more-money-than-....txt,What It’s Like to Grow Up With More Money Than You’ll Ever Spend,,2026-03-25 20:17:18 UTC,2026-03-25 20:54:57 UTC,https://www.thecut.com/2019/03/abigail-disney-has-more-money-than-shell-ever-spend.html
44754697,124_how-two-men-are-reshaping-men-s-style-media-put....txt,How Two Men are Reshaping Men's Style Media – Put This On,https://www.putthison.com/how-two-men-are-reshaping-mens-style-media/,2026-03-25 20:17:18 UTC,2026-05-24 21:15:31 UTC,https://putthison.com/how-two-men-are-reshaping-mens-style-media/
44754698,125_rick-steves-wants-to-save-the-world-one-vacatio....txt,"Rick Steves Wants to Save the World, One Vacation at a Time",,2026-03-25 20:17:18 UTC,2026-03-25 20:54:57 UTC,https://www.nytimes.com/interactive/2019/03/20/magazine/rick-steves-travel-world.html
44754699,126_rick-steves-wants-to-save-the-world-one-vacatio....txt,"Rick Steves Wants to Save the World, One Vacation at a Time",,2026-03-25 20:17:18 UTC,2026-03-25 20:54:57 UTC,https://www.nytimes.com/interactive/2019/03/20/magazine/rick-steves-travel-world.html
44754700,127_important-things-are-happening-to-jason-dill.txt,Important Things Are Happening to Jason Dill,,2026-03-25 20:17:18 UTC,2026-03-25 20:54:57 UTC,https://www.gq.com/story/jason-dill-important-things-are-happening
44754701,128_important-things-are-happening-to-jason-dill.txt,Important Things Are Happening to Jason Dill,,2026-03-25 20:17:18 UTC,2026-03-25 20:54:57 UTC,https://www.gq.com/story/jason-dill-important-things-are-happening
44754702,129_inside-dr-woo-s-secret-two-week-new-york-residency.txt,Inside Dr. Woo’s Secret Two-Week New York Residency,,2026-03-25 20:17:18 UTC,2026-03-25 20:54:57 UTC,https://www.gq.com/story/dr-woo-nyc-tattoo-residency
44754703,130_from-grunt-style-to-warcore-civilians-are-embra....txt,"From Grunt Style to “Warcore,” Civilians Are Embracing Military Fashion",,2026-03-25 20:17:18 UTC,2026-03-25 20:54:57 UTC,https://www.newyorker.com/culture/on-and-off-the-avenue/from-grunt-style-to-warcore-civilians-are-embracing-military-fashion
44754704,131_meet-the-coolest-family-in-streetwear.txt,Meet the Coolest Family in Streetwear,,2026-03-25 20:17:18 UTC,2026-03-25 20:54:57 UTC,https://www.gq.com/story/chris-gibbs-first-family-streetwear
44754705,132_are-you-addicted-to-doing-mindful.txt,Are You Addicted to Doing? - Mindful,,2026-03-25 20:17:19 UTC,2026-03-25 20:54:57 UTC,https://www.mindful.org/are-you-addicted-to-doing/
44754706,133_stop-enabling-barstool-s-shit.txt,Stop Enabling Barstool's Shit,,2026-03-25 20:17:19 UTC,2026-03-25 20:54:57 UTC,https://deadspin.com/stop-enabling-barstools-shit-1833092349
44754707,134_stop-enabling-barstool-s-shit.txt,Stop Enabling Barstool's Shit,,2026-03-25 20:17:19 UTC,2026-03-25 20:54:57 UTC,https://deadspin.com/stop-enabling-barstools-shit-1833092349
44754708,135_stop-enabling-barstool-s-shit.txt,Stop Enabling Barstool's Shit,,2026-03-25 20:17:19 UTC,2026-03-25 20:54:57 UTC,https://deadspin.com/stop-enabling-barstools-shit-1833092349
44754709,136_stop-enabling-barstool-s-shit.txt,Stop Enabling Barstool's Shit,,2026-03-25 20:17:19 UTC,2026-03-25 20:54:57 UTC,https://deadspin.com/stop-enabling-barstools-shit-1833092349
44754710,137_i-tested-the-saving-technique-that-promises-ret....txt,I Tested the Saving Technique That Promises Retirement at 40,,2026-03-25 20:17:19 UTC,2026-03-25 20:54:57 UTC,https://www.vice.com/en_us/article/gya8bx/i-tested-the-saving-technique-that-promises-retirement-at-40
44754711,138_what-the-theranos-documentary-misses.txt,What the Theranos Documentary Misses,,2026-03-25 20:17:20 UTC,2026-03-25 20:54:57 UTC,https://newrepublic.com/article/153419/theranos-documentary-misses
44754712,139_how-tiktok-is-rewriting-the-world.txt,How TikTok Is Rewriting the World,,2026-03-25 20:17:20 UTC,2026-03-25 20:54:57 UTC,https://www.nytimes.com/2019/03/10/style/what-is-tik-tok.html
44754713,140_noticing-sharing-10-good-things-on-the-internet....txt,👀 Noticing: Sharing 10 Good Things on the Internet This Week. 3/29/2019,,2026-03-25 20:17:20 UTC,2026-03-25 20:54:57 UTC,https://mailchi.mp/kottke/noticing-10-good-things-7601651
44754714,141_stepping-into-the-uncanny-unsettling-world-of-s....txt,"Stepping Into the Uncanny, Unsettling World of Shen Yun",,2026-03-25 20:17:20 UTC,2026-03-25 20:54:57 UTC,https://www.newyorker.com/culture/culture-desk/stepping-into-the-uncanny-unsettling-world-of-shen-yun
44754715,142_support-stores-that-bring-you-value.txt,Support Stores That Bring You Value,,2026-03-25 20:17:20 UTC,2026-03-25 20:54:57 UTC,https://dieworkwear.com/post/183619639089/support-stores-that-bring-you-value
44754716,143_lee-friedlander-s-intimate-portraits-of-his-wif....txt,"Lee Friedlander’s Intimate Portraits of His Wife, Through Sixty Years of Marriage",,2026-03-25 20:17:20 UTC,2026-03-25 20:54:57 UTC,https://www.newyorker.com/culture/photo-booth/lee-friedlanders-intimate-portraits-of-his-wife-through-sixty-years-of-marriage
44754717,144_artist-tom-sachs-on-sex-sleep-nike-and-outer-space.txt,"Artist Tom Sachs on Sex, Sleep, Nike, and Outer Space",,2026-03-25 20:17:20 UTC,2026-03-25 20:54:57 UTC,https://www.gq.com/story/tom-sachs-handyman-of-high-art-interview
44754718,145_watches-are-yet-another-easy-way-rich-people-ma....txt,Watches Are Yet Another Easy Way Rich People Make Their Money Into More Money,,2026-03-25 20:17:20 UTC,2026-03-25 20:54:57 UTC,https://www.nytimes.com/2019/03/20/style/collectible-watches.html
44754719,146_watches-are-yet-another-easy-way-rich-people-ma....txt,Watches Are Yet Another Easy Way Rich People Make Their Money Into More Money,,2026-03-25 20:17:20 UTC,2026-03-25 20:54:57 UTC,https://www.nytimes.com/2019/03/20/style/collectible-watches.html
44754720,147_why-urban-millennials-love-uniqlo.txt,Why Urban Millennials Love Uniqlo,,2026-03-25 20:17:20 UTC,2026-03-25 20:54:57 UTC,https://www.theatlantic.com/magazine/archive/2019/04/uniqlo-millennials-gap/583219/
44754721,148_the-rise-of-the-weworking-class.txt,The Rise of the WeWorking Class,,2026-03-25 20:17:20 UTC,2026-03-25 20:54:57 UTC,https://www.nytimes.com/interactive/2019/02/21/magazine/wework-coworking-office-space.html
44754722,149_the-psychological-trap-of-freelancing.txt,The Psychological Trap of Freelancing,,2026-03-25 20:17:20 UTC,2026-03-25 20:54:57 UTC,https://www.thecut.com/2019/02/why-freelancing-creates-anxiety-about-money.html
44754723,150_the-first-canine-ascent-of-a-7-000-meter-himala....txt,"The First Canine Ascent of a 7,000-Meter Himalayan Peak",,2026-03-25 20:17:20 UTC,2026-03-25 20:54:57 UTC,https://www.outsideonline.com/2390456/first-dog-ascent-baruntse-nepal
44754724,151_7-things-when-work-got-slow-as-a-freelancer.txt,7 Things When Work Got Slow as a Freelancer,,2026-03-25 20:17:20 UTC,2026-03-25 20:54:57 UTC,https://us19.campaign-archive.com/?id=dce1932127&u=c902571b9ac0aa0e45b3cc71e
44754725,152_the-outlier-way-clothing-unwavering-against-com....txt,The Outlier Way — Clothing Unwavering Against Compromise,,2026-03-25 20:17:21 UTC,2026-03-25 20:54:57 UTC,https://www.maekan.com/share/the-outlier-way-clothing-unwavering-in-compromise
44754726,153_15-people-whose-lives-were-suddenly-changed-by-....txt,15 People Whose Lives Were Suddenly Changed by a Financial Windfall,,2026-03-25 20:17:21 UTC,2026-03-25 20:54:57 UTC,https://www.topic.com/financial-windfalls-15-stories-of-the-money-that-changed-everything
44754727,154_how-amy-klobuchar-treats-her-staff.txt,How Amy Klobuchar Treats Her Staff,,2026-03-25 20:17:21 UTC,2026-03-25 20:54:56 UTC,https://www.nytimes.com/2019/02/22/us/politics/amy-klobuchar-staff.html
44754728,155_america-s-professional-elite-wealthy-successful....txt,"America’s Professional Elite: Wealthy, Successful and Miserable",,2026-03-25 20:17:21 UTC,2026-03-25 20:54:56 UTC,https://www.nytimes.com/interactive/2019/02/21/magazine/elite-professionals-jobs-happiness.html
44754729,156_my-restaurant-was-the-greatest-show-of-excess-y....txt,"**My Restaurant Was the Greatest Show of Excess You’d Ever Seen, and It Almost Killed Me",,2026-03-25 20:17:21 UTC,2026-03-25 20:54:56 UTC,https://www.bonappetit.com/story/david-mcmillan-sober
44754730,157_permits-of-passion.txt,Permits of passion,,2026-03-25 20:17:21 UTC,2026-03-25 20:54:56 UTC,https://m.signalvnoise.com/permits-of-passion/
44754731,158_patient-influencers-are-the-latest-instagram-tr....txt,"""Patient influencers"" are the latest Instagram trend, and they want to sell you drugs and devices",,2026-03-25 20:17:21 UTC,2026-03-25 20:54:56 UTC,https://www.vox.com/the-goods/2019/2/15/18211007/medical-sponcon-instagram-influencer-pharmaceutical
44754732,159_patient-influencers-are-the-latest-instagram-tr....txt,"""Patient influencers"" are the latest Instagram trend, and they want to sell you drugs and devices",,2026-03-25 20:17:21 UTC,2026-03-25 20:54:56 UTC,https://www.vox.com/the-goods/2019/2/15/18211007/medical-sponcon-instagram-influencer-pharmaceutical
44754810,160_things-i-never-knew-about-skiing-until-i-was-a-....txt,Things I Never Knew About Skiing Until I Was a Private Instructor in Aspen,,2026-03-25 20:20:06 UTC,2026-03-25 20:54:56 UTC,https://www.bloomberg.com/news/features/2019-02-12/secrets-of-aspen-ski-instructors-from-sex-to-spilled-champagne
44754811,161_dear-digital-media-companies-what-did-you-think....txt,"Dear digital media companies, what did you think was going to happen?",,2026-03-25 20:20:06 UTC,2026-03-25 20:54:56 UTC,https://www.linkedin.com/pulse/dear-digital-media-companies-what-did-you-think-going-gina-bianchini
44754812,162_10-wellness-tips-according-to-david-lynch.txt,10 wellness tips according to David Lynch,,2026-03-25 20:20:06 UTC,2026-06-08 22:21:27 UTC,https://www.dazeddigital.com/soul/article/42996/1/10-wellness-tips-from-david-lynch
44754813,163_gtd-in-15-minutes-a-pragmatic-guide-to-getting-....txt,GTD in 15 minutes – A Pragmatic Guide to Getting Things Done,,2026-03-25 20:20:06 UTC,2026-03-25 20:54:56 UTC,https://hamberg.no/gtd
44754814,164_the-rise-of-no-code-ryan-hoover-medium.txt,The Rise of “No Code” – Ryan Hoover – Medium,,2026-03-25 20:20:06 UTC,2026-03-25 20:54:56 UTC,https://medium.com/@rrhoover/the-rise-of-no-code-e733d7c0944d
44754815,165_philosopher-and-digital-artist-mat-dryhurst-on-....txt,Philosopher and digital artist Mat Dryhurst on redesigning the system – The Creative Independent,,2026-03-25 20:20:06 UTC,2026-03-25 20:54:56 UTC,https://thecreativeindependent.com/people/philosopher-and-digital-artist-mat-dryhurst-on-redesigning-the-system/
44754816,166_philosopher-and-digital-artist-mat-dryhurst-on-....txt,Philosopher and digital artist Mat Dryhurst on redesigning the system – The Creative Independent,,2026-03-25 20:20:06 UTC,2026-03-25 20:54:56 UTC,https://thecreativeindependent.com/people/philosopher-and-digital-artist-mat-dryhurst-on-redesigning-the-system/
44754817,167_heather-havrilesky-extraordinary-routines.txt,Heather Havrilesky — Extraordinary Routines,,2026-03-25 20:20:06 UTC,2026-03-25 20:54:56 UTC,https://www.extraordinaryroutines.com/heather-havrilesky/
44754818,168_what-was-the-intellectual-dark-web-jay-jeffers-....txt,What Was the Intellectual Dark Web? – Jay Jeffers – Medium,,2026-03-25 20:20:07 UTC,2026-03-25 20:54:56 UTC,https://medium.com/@jayljeff/what-was-the-intellectual-dark-web-b926374685e7
44754819,169_the-toxic-drama-on-ya-twitter.txt,The Toxic Drama on YA Twitter,,2026-03-25 20:20:07 UTC,2026-03-25 20:54:56 UTC,https://www.vulture.com/2017/08/the-toxic-drama-of-ya-twitter.html
44754820,170_the-toxic-drama-on-ya-twitter.txt,The Toxic Drama on YA Twitter,,2026-03-25 20:20:07 UTC,2026-03-25 20:54:56 UTC,https://www.vulture.com/2017/08/the-toxic-drama-of-ya-twitter.html
44754821,171_how-and-why-to-keep-a-commonplace-book-ryanholi....txt,How And Why To Keep A “Commonplace Book” – RyanHoliday.net,,2026-03-25 20:20:07 UTC,2026-03-25 20:54:56 UTC,https://ryanholiday.net/how-and-why-to-keep-a-commonplace-book/
44754823,172_nobody-is-going-to-believe-you.txt,‘Nobody Is Going to Believe You’,,2026-03-25 20:20:07 UTC,2026-03-25 20:54:56 UTC,https://www.theatlantic.com/magazine/archive/2019/03/bryan-singers-accusers-speak-out/580462/
44754824,173_enjoy-this-post-get-svn-updates-delivered-strai....txt,Enjoy this post? Get SvN updates delivered straight to your inbox.,,2026-03-25 20:20:07 UTC,2026-03-25 20:54:56 UTC,https://m.signalvnoise.com/10926-2/
44754825,174_the-ideal-routine.txt,The ideal routine,,2026-03-25 20:20:07 UTC,2026-03-25 20:54:56 UTC,https://austinkleon.com/2019/01/23/the-ideal-routine/
44754826,175_the-ceo-s-most-important-operational-responsibi....txt,The CEO’s most important operational responsibility,,2026-03-25 20:20:07 UTC,2026-03-25 20:54:56 UTC,https://medium.com/@gokulrajaram/designing-a-communication-architecture-the-ceos-most-important-operational-responsibility-28937bd291e8
44754827,176_the-weekly-ceo-e-mail-gokul-rajaram-medium.txt,The weekly CEO e-mail – Gokul Rajaram – Medium,,2026-03-25 20:20:07 UTC,2026-03-25 20:54:56 UTC,https://medium.com/@gokulrajaram/the-weekly-ceo-e-mail-b5eaafcee6fa
44754828,177_the-future-book-is-here-but-it-s-not-what-we-ex....txt,"The 'Future Book' Is Here, but It's Not What We Expected",,2026-03-25 20:20:07 UTC,2026-03-25 20:54:56 UTC,https://www.wired.com/story/future-book-is-here-but-not-what-we-expected/
44754829,178_help-me-name-this-thing-feel-bad-liberalism.txt,"Help Me Name This Thing... ""Feel-Bad Liberalism""",,2026-03-25 20:20:07 UTC,2026-03-25 20:54:56 UTC,https://jessesingal.substack.com/p/help-me-name-this-thing-send-me-questions
44754830,179_meet-the-renegades-of-the-intellectual-dark-web.txt,Meet the Renegades of the Intellectual Dark Web**,,2026-03-25 20:20:07 UTC,2026-03-25 20:54:56 UTC,https://www.nytimes.com/2018/05/08/opinion/intellectual-dark-web.html
44754831,180_meet-the-renegades-of-the-intellectual-dark-web.txt,Meet the Renegades of the Intellectual Dark Web**,,2026-03-25 20:20:07 UTC,2026-03-25 20:54:56 UTC,https://www.nytimes.com/2018/05/08/opinion/intellectual-dark-web.html
44754832,181_the-voice-of-the-intellectual-dark-web.txt,The Voice of the ‘Intellectual Dark Web’,,2026-03-25 20:20:08 UTC,2026-03-25 20:54:56 UTC,https://politi.co/2JVltGO
44754833,182_the-state-of-ux-in-2019.txt,The State of UX in 2019,,2026-03-25 20:20:08 UTC,2026-03-25 20:54:56 UTC,https://trends.uxdesign.cc/
44754834,183_the-state-of-ux-in-2019.txt,The State of UX in 2019,,2026-03-25 20:20:08 UTC,2026-03-25 20:54:56 UTC,https://trends.uxdesign.cc/
44754835,184_why-i-ignore-the-design-industry-on-purpose.txt,Why I ignore the design industry on purpose,,2026-03-25 20:20:08 UTC,2026-03-25 20:54:56 UTC,https://m.signalvnoise.com/why-i-ignore-the-design-industry-on-purpose/
44754836,185_conan-o-brien-wants-to-scare-himself-with-the-n....txt,"Conan O’Brien Wants to Scare Himself with the New, Shorter ‘Conan’",,2026-03-25 20:20:08 UTC,2026-03-25 20:54:56 UTC,https://www.nytimes.com/2019/01/14/arts/television/conan-obrien-tbs-show-reboot-half-hour.html
44754837,186_here-s-to-an-epic-2019-in-7-steps.txt,**Here's to an Epic 2019 (in 7 steps),,2026-03-25 20:20:08 UTC,2026-03-25 20:54:56 UTC,https://www.khehy.com/epic-2019
44754838,187_how-fader-magazine-and-its-creative-agency-are-....txt,How Fader Magazine And Its Creative Agency Are “Bucking Traditions” To Shape Culture,,2026-03-25 20:20:08 UTC,2026-03-25 20:54:56 UTC,https://www.fastcompany.com/40454019/how-fader-magazine-and-its-creative-agency-are-bucking-traditions-to-shape-culture
44754839,188_2019-predictions.txt,2019 Predictions,,2026-03-25 20:20:08 UTC,2026-03-25 20:54:56 UTC,https://www.l2inc.com/daily-insights/no-mercy-no-malice/2019-predictions
44754840,189_andrew-zimmern-s-nonstop-road-and-food-show.txt,Andrew Zimmern’s Nonstop Road (and Food) Show,,2026-03-25 20:20:08 UTC,2026-03-25 20:54:56 UTC,https://www.nytimes.com/2018/09/11/dining/andrew-zimmern-profile.html
44754841,190_andrea-zittel-these-things-i-know-for-sure.txt,"Andrea Zittel, ""These things I know for sure""",,2026-03-25 20:20:08 UTC,2026-03-25 20:54:56 UTC,http://wtf.tw/ref/zittel.html
44754842,191_the-psychology-of-money.txt,The Psychology of Money,,2026-03-25 20:20:08 UTC,2026-03-25 20:54:56 UTC,http://www.collaborativefund.com/blog/the-psychology-of-money/
44754843,192_reflections-on-15-years.txt,Reflections on 15 Years.,,2026-03-25 20:20:08 UTC,2026-03-25 20:54:56 UTC,https://www.3sixteen.com/blogs/news/reflections-on-15-years
44754844,193_the-unifying-theory-of-alcohol-dan-kieran-medium.txt,The Unifying Theory of Alcohol – Dan Kieran – Medium,,2026-03-25 20:20:08 UTC,2026-03-25 20:54:56 UTC,https://medium.com/@dan_kieran/the-unifying-theory-of-alcohol-f9bf083b847e
44754845,194_the-unifying-theory-of-alcohol-dan-kieran-medium.txt,The Unifying Theory of Alcohol – Dan Kieran – Medium,,2026-03-25 20:20:08 UTC,2026-03-25 20:54:56 UTC,https://medium.com/@dan_kieran/the-unifying-theory-of-alcohol-f9bf083b847e
44754846,195_the-unifying-theory-of-alcohol-dan-kieran-medium.txt,The Unifying Theory of Alcohol – Dan Kieran – Medium,,2026-03-25 20:20:09 UTC,2026-03-25 20:54:56 UTC,https://medium.com/@dan_kieran/the-unifying-theory-of-alcohol-f9bf083b847e
44754848,196_he-testified-against-his-son-but-came-to-blame-....txt,"He Testified Against His Son, But Came to Blame the Gun",,2026-03-25 20:20:09 UTC,2026-03-25 20:54:56 UTC,https://www.thetrace.org/features/remington-rifle-mississippi-brothers-shooting/
44754849,197_can-a-quote-unquote-band-drag-rock-into-the-future.txt,Can a Quote-Unquote Band Drag Rock Into the Future?,,2026-03-25 20:20:09 UTC,2026-03-25 20:54:56 UTC,https://www.nytimes.com/2018/10/11/arts/music/the-1975-matty-healy-interview.html
44754850,198_the-search-for-good-vibes.txt,The Search for Good Vibes,,2026-03-25 20:20:09 UTC,2026-03-25 20:54:56 UTC,https://www.billboard.com/articles/columns/hip-hop/8490858/theophilus-london-profile-comeback-bebey
44754851,199_oh-please-stop-saying-please.txt,Oh Please Stop Saying Please,,2026-03-25 20:20:09 UTC,2026-03-25 20:54:56 UTC,https://www.nytimes.com/2018/12/20/business/ghosting-your-job.html
44754977,200_why-you-should-surround-yourself-with-more-book....txt,Why you should surround yourself with more books than you’ll ever have time to read,,2026-03-25 20:23:53 UTC,2026-03-25 20:54:56 UTC,https://www.fastcompany.com/90275343/why-you-should-surround-yourself-with-more-books-than-youll-ever-have-time-to-read
44754978,201_all-basecamp-policies-are-now-on-github-and-lic....txt,All Basecamp policies are now on GitHub and licensed under creative commons,,2026-03-25 20:23:53 UTC,2026-03-25 20:54:56 UTC,https://m.signalvnoise.com/all-basecamp-policies-are-now-on-github-and-licensed-under-creative-commons-4f45d91eb5af
44754979,202_the-enormous-life-of-anthony-bourdain-according....txt,"The Enormous Life of Anthony Bourdain, According to Those Who Knew Him Best",,2026-03-25 20:23:53 UTC,2026-03-25 20:54:56 UTC,https://www.gq.com/story/anthony-bourdain-men-of-the-year-tribute
44754980,203_merlin-mann.txt,Merlin Mann,,2026-03-25 20:23:53 UTC,2026-03-25 20:54:56 UTC,http://thegreatdiscontent.com/merlin-mann
44754981,204_merlin-mann.txt,Merlin Mann,,2026-03-25 20:23:53 UTC,2026-03-25 20:54:55 UTC,http://thegreatdiscontent.com/merlin-mann
44754982,205_merlin-mann.txt,Merlin Mann,,2026-03-25 20:23:53 UTC,2026-03-25 20:54:55 UTC,http://thegreatdiscontent.com/merlin-mann
44754983,206_how-we-describe-an-organization.txt,How We Describe an Organization,,2026-03-25 20:23:54 UTC,2026-03-25 20:54:55 UTC,https://nobl.io/leadership-resources/2018/2/organizational-charter
44754984,207_writing-is-thinking.txt,Writing Is Thinking,,2026-03-25 20:23:54 UTC,2026-03-25 20:54:55 UTC,http://boz.com/articles/writing-thinking.html
44754985,208_finding-comfort-in-small-spaces.txt,Finding Comfort in Small Spaces,,2026-03-25 20:23:54 UTC,2026-03-25 20:54:55 UTC,https://longreads.com/2018/09/24/finding-comfort-in-small-spaces/
44754986,209_a-willingness-to-be-bad.txt,A willingness to be bad,,2026-03-25 20:23:54 UTC,2026-03-25 20:54:55 UTC,https://austinkleon.com/2018/09/20/a-willingness-to-be-bad/
44754987,210_how-to-do-one-thing-at-a-time.txt,How to Do. One. Thing. At. A. Time,,2026-03-25 20:23:54 UTC,2026-03-25 20:54:55 UTC,https://www.jotform.com/blog/do-one-thing-at-a-time
44754989,211_how-to-do-one-thing-at-a-time.txt,How to Do. One. Thing. At. A. Time,,2026-03-25 20:23:54 UTC,2026-03-25 20:54:55 UTC,https://www.jotform.com/blog/do-one-thing-at-a-time
44754991,212_what-boxing-taught-me-about-love.txt,What Boxing Taught Me About Love,,2026-03-25 20:23:54 UTC,2026-03-25 20:54:55 UTC,https://www.nytimes.com/2018/07/13/style/modern-love-what-boxing-taught-me-about-love.html
44754992,213_in-praise-of-being-washed.txt,In Praise of Being Washed,,2026-03-25 20:23:54 UTC,2026-03-25 20:54:55 UTC,https://www.gq.com/story/in-praise-of-being-washed
44754993,214_the-week-culture-died.txt,The Week Culture Died,,2026-03-25 20:23:54 UTC,2026-03-25 20:54:55 UTC,https://www.thehandandeye.com/blog/6-8-2018-the-week-culture-died
44754994,215_14-things-i-believe-updated-for-2018-bob-sutton....txt,14 Things I Believe: Updated for 2018 – Bob Sutton – Medium,,2026-03-25 20:23:54 UTC,2026-03-25 20:54:55 UTC,https://medium.com/@bobsutton/14-things-i-believe-updated-for-2018-4ad1602c106d
44754995,216_slack-i-m-breaking-up-with-you-ux-of-user-onboa....txt,"Slack, I’m Breaking Up with You – UX of User Onboarding",,2026-03-25 20:23:54 UTC,2026-03-25 20:54:55 UTC,https://ux.useronboard.com/slack-i-m-breaking-up-with-you-54600ace03ea
44754996,217_slack-i-m-breaking-up-with-you-ux-of-user-onboa....txt,"Slack, I’m Breaking Up with You – UX of User Onboarding",,2026-03-25 20:23:54 UTC,2026-03-25 20:54:55 UTC,https://ux.useronboard.com/slack-i-m-breaking-up-with-you-54600ace03ea
44754997,218_the-tortured-mind-of-dan-harmon.txt,The Tortured Mind Of Dan Harmon,,2026-03-25 20:23:54 UTC,2026-03-25 20:54:55 UTC,https://www.gq.com/story/dan-harmon-rick-and-morty-profile
44754998,219_the-tortured-mind-of-dan-harmon.txt,The Tortured Mind Of Dan Harmon,,2026-03-25 20:23:54 UTC,2026-03-25 20:54:55 UTC,https://www.gq.com/story/dan-harmon-rick-and-morty-profile
44754999,220_a-career-cold-start-algorithm.txt,A Career Cold Start Algorithm,,2026-03-25 20:23:54 UTC,2026-03-25 20:54:55 UTC,http://boz.com/articles/career-cold-start.html
44755000,221_tough-job-norway-s-ski-wax-chief-is-only-notice....txt,Tough Job: Norway’s Ski Wax Chief Is Only Noticed When He Fails,,2026-03-25 20:23:55 UTC,2026-03-25 20:54:55 UTC,https://www.nytimes.com/2018/02/14/sports/olympics/cross-country-norway-wax-tech.html
44755002,222_seth-s-blog-never-smooth-enough-a-modern-addiction.txt,Seth's Blog: Never smooth enough--a modern addiction,,2026-03-25 20:23:55 UTC,2026-03-25 20:54:55 UTC,http://sethgodin.typepad.com/seths_blog/2018/01/never-smooth-enough-a-modern-addiction.html
44755003,223_even-when-he-loses-logan-paul-wins.txt,"Even When He Loses, Logan Paul Wins",,2026-03-25 20:23:55 UTC,2026-03-25 20:54:55 UTC,https://www.buzzfeed.com/scaachikoul/even-when-he-loses-logan-paul-wins
44755004,224_even-when-he-loses-logan-paul-wins.txt,"Even When He Loses, Logan Paul Wins",,2026-03-25 20:23:55 UTC,2026-03-25 20:54:55 UTC,https://www.buzzfeed.com/scaachikoul/even-when-he-loses-logan-paul-wins
44755005,225_donald-trump-didn-t-want-to-win-and-neither-did....txt,Donald Trump Didn’t Want to Win – and Neither Did His Campaign,,2026-03-25 20:23:55 UTC,2026-03-25 20:54:55 UTC,http://nymag.com/daily/intelligencer/2018/01/michael-wolff-fire-and-fury-book-donald-trump.html
44755006,226_donald-trump-didn-t-want-to-win-and-neither-did....txt,Donald Trump Didn’t Want to Win – and Neither Did His Campaign,,2026-03-25 20:23:55 UTC,2026-03-25 20:54:55 UTC,http://nymag.com/daily/intelligencer/2018/01/michael-wolff-fire-and-fury-book-donald-trump.html
44755007,227_donald-trump-didn-t-want-to-win-and-neither-did....txt,Donald Trump Didn’t Want to Win – and Neither Did His Campaign,,2026-03-25 20:23:55 UTC,2026-03-25 20:54:55 UTC,http://nymag.com/daily/intelligencer/2018/01/michael-wolff-fire-and-fury-book-donald-trump.html
44755008,228_donald-trump-didn-t-want-to-win-and-neither-did....txt,Donald Trump Didn’t Want to Win – and Neither Did His Campaign,,2026-03-25 20:23:55 UTC,2026-03-25 20:54:55 UTC,http://nymag.com/daily/intelligencer/2018/01/michael-wolff-fire-and-fury-book-donald-trump.html
44755009,229_donald-trump-didn-t-want-to-win-and-neither-did....txt,Donald Trump Didn’t Want to Win – and Neither Did His Campaign,,2026-03-25 20:23:55 UTC,2026-03-25 20:54:55 UTC,http://nymag.com/daily/intelligencer/2018/01/michael-wolff-fire-and-fury-book-donald-trump.html
44755010,230_let-s-bury-the-hustle-signal-v-noise.txt,Let’s bury the hustle – Signal v. Noise,,2026-03-25 20:23:55 UTC,2026-03-25 20:54:55 UTC,https://m.signalvnoise.com/lets-bury-the-hustle-9d8aee8ffe1a
44755011,231_our-love-affair-with-digital-is-over.txt,Our Love Affair With Digital Is Over,,2026-03-25 20:23:55 UTC,2026-03-25 20:54:55 UTC,https://www.nytimes.com/2017/11/18/opinion/sunday/internet-digital-technology-return-to-analog.html
44755012,232_no-room-for-america-left-in-those-jeans.txt,No Room for America Left in Those Jeans,,2026-03-25 20:23:55 UTC,2026-03-25 20:54:55 UTC,https://www.nytimes.com/2017/11/10/style/goodbye-american-selvage-jeans.html
44755013,233_inside-today-clothing-michigan-s-menswear-oasis....txt,"Inside Today Clothing, Michigan’s Menswear Oasis - Today Clothing Michigan",,2026-03-25 20:23:55 UTC,2026-03-25 20:54:55 UTC,https://www.grailed.com/drycleanonly/today-clothing-michigan
44755014,234_inside-today-clothing-michigan-s-menswear-oasis....txt,"Inside Today Clothing, Michigan’s Menswear Oasis - Today Clothing Michigan",,2026-03-25 20:23:55 UTC,2026-03-25 20:54:55 UTC,https://www.grailed.com/drycleanonly/today-clothing-michigan
44755015,235_in-the-wake-of-the-weinstein-and-john-besh-scan....txt,"In the Wake of the Weinstein and John Besh Scandals, Anthony Bourdain Has Regrets",,2026-03-25 20:23:55 UTC,2026-03-25 20:54:55 UTC,http://www.slate.com/articles/news_and_politics/interrogation/2017/10/anthony_bourdain_on_weinstein_john_besh_and_meathead_restaurant_culture.html
44755016,236_the-president-of-blank-sucking-nullity-david-roth.txt,The President of Blank Sucking Nullity - David Roth,,2026-03-25 20:23:56 UTC,2026-03-25 20:54:55 UTC,https://thebaffler.com/latest/the-president-of-blank-sucking-nullity-roth
44755017,237_ask-polly-was-i-wrong-to-dump-my-boyfriend.txt,Ask Polly: Was I Wrong to Dump My Boyfriend?,,2026-03-25 20:23:56 UTC,2026-03-25 20:54:55 UTC,https://www.thecut.com/2017/06/ask-polly-was-i-wrong-to-dump-my-boyfriend.html
44755018,238_the-internet-is-broken-ev-is-trying-to-salvage-it.txt,‘The Internet Is Broken’: @ev Is Trying to Salvage It,,2026-03-25 20:23:56 UTC,2026-03-25 20:54:55 UTC,https://www.nytimes.com/2017/05/20/technology/evan-williams-medium-twitter-internet.html
44755019,239_what-s-wrong-with-twitter-s-live-video-strategy.txt,What’s Wrong with Twitter’s Live-Video Strategy,,2026-03-25 20:23:56 UTC,2026-03-25 20:54:55 UTC,http://www.newyorker.com/business/currency/whats-wrong-with-twitters-live-video-strategy
44755335,240_mike-judge-the-bard-of-suck.txt,"Mike Judge, the Bard of Suck",,2026-03-25 20:33:01 UTC,2026-03-25 20:54:55 UTC,https://www.nytimes.com/2017/04/13/magazine/mike-judge-the-bard-of-suck.html?nytmobile=0
44755336,241_being-lazy-is-the-key-to-success-according-to-t....txt,"Being Lazy Is the Key to Success, According to the Best-Selling Author of 'Moneyball'",,2026-03-25 20:33:01 UTC,2026-03-25 20:54:55 UTC,http://www.inc.com/minda-zetlin/why-being-lazy-makes-you-successful-according-to-the-bestselling-author-of-money.html
44755337,242_confessions-of-a-watch-geek.txt,Confessions of a Watch Geek,,2026-03-25 20:33:01 UTC,2026-03-25 20:54:55 UTC,http://www.newyorker.com/magazine/2017/03/20/confessions-of-a-watch-geek
44755338,243_fiction-confidential.txt,Fiction Confidential,,2026-03-25 20:33:01 UTC,2026-03-25 20:54:55 UTC,http://www.eater.com/2017/1/25/14376996/anthony-bourdain-novels-fiction
44755339,244_making-house-notes-on-domesticity.txt,Making House: Notes on Domesticity,,2026-03-25 20:33:01 UTC,2026-03-25 20:54:55 UTC,http://www.nytimes.com/2016/09/04/magazine/making-house-notes-on-domesticity.html
44755340,245_the-mania-of-michigan-football-the-new-yorker.txt,The Mania of Michigan Football - The New Yorker,,2026-03-25 20:33:01 UTC,2026-03-25 20:54:55 UTC,http://www.newyorker.com/news/sporting-scene/the-mania-of-michigan-football
44755341,246_how-a-single-conversation-with-my-boss-changed-....txt,How a single conversation with my boss changed my view on delegation and failure — NewCo Shift,,2026-03-25 20:33:01 UTC,2026-03-25 20:54:55 UTC,https://shift.newco.co/how-a-single-conversation-with-my-boss-changed-my-view-on-delegation-and-failure-ae5376451c8d
44755342,247_frank-ocean-harper-lee-and-the-reclusive-artist.txt,"Frank Ocean, Harper Lee, and the Reclusive Artist",,2026-03-25 20:33:02 UTC,2026-03-25 20:54:55 UTC,http://www.theatlantic.com/entertainment/archive/2016/08/frank-ocean-harper-lee-and-the-reclusive-artist/494804/?curator=MusicREDEF
44755343,248_the-way-out-of-burnout.txt,The way out of burnout,,2026-03-25 20:33:02 UTC,2026-03-25 20:54:55 UTC,https://www.1843magazine.com/body-mind/the-daily/the-way-out-of-burnout
44755344,249_minds-turned-to-ash.txt,Minds turned to ash,,2026-03-25 20:33:02 UTC,2026-03-25 20:54:55 UTC,https://www.1843magazine.com/features/minds-turned-to-ash
44755345,250_minds-turned-to-ash.txt,Minds turned to ash,,2026-03-25 20:33:02 UTC,2026-03-25 20:54:55 UTC,https://www.1843magazine.com/features/minds-turned-to-ash
44755346,251_minds-turned-to-ash.txt,Minds turned to ash,,2026-03-25 20:33:02 UTC,2026-03-25 20:54:54 UTC,https://www.1843magazine.com/features/minds-turned-to-ash
44755347,252_marie-kondo-and-the-ruthless-war-on-stuff.txt,Marie Kondo and the Ruthless War on Stuff,,2026-03-25 20:33:02 UTC,2026-03-25 20:54:54 UTC,http://www.nytimes.com/2016/07/10/magazine/marie-kondo-and-the-ruthless-war-on-stuff.html
44755348,253_pretty-much-everything.txt,PRETTY MUCH EVERYTHING,,2026-03-25 20:33:02 UTC,2026-03-25 20:54:54 UTC,http://www.acontinuouslean.com/2016/06/27/pretty/
44755349,254_why-cameron-frye-wore-a-gordie-howe-jersey-in-f....txt,Why Cameron Frye Wore a Gordie Howe Jersey in ‘Ferris Bueller’s Day Off’ — MEL Magazine,,2026-03-25 20:33:02 UTC,2026-03-25 20:54:54 UTC,https://features.wearemel.com/why-cameron-frye-wore-a-gordie-howe-jersey-in-ferris-buellers-day-off-adfc36129fd5
44755350,255_the-secret-history-of-tiger-woods.txt,The Secret History of Tiger Woods,,2026-03-25 20:33:02 UTC,2026-03-25 20:54:54 UTC,http://espn.go.com/espn/feature/story/_/id/15278522/how-tiger-woods-life-unraveled-years-father-earl-woods-death
44755351,256_the-secret-history-of-tiger-woods.txt,The Secret History of Tiger Woods,,2026-03-25 20:33:02 UTC,2026-03-25 20:54:54 UTC,http://espn.go.com/espn/feature/story/_/id/15278522/how-tiger-woods-life-unraveled-years-father-earl-woods-death
44755352,257_the-productivity-obsession.txt,The Productivity Obsession,,2026-03-25 20:33:02 UTC,2026-03-25 20:54:54 UTC,http://www.theatlantic.com/business/archive/2015/11/be-more-productive/415821/
44755353,258_alec-baldwin-is-moving-to-l-a-so-leave-him-alone.txt,"Alec Baldwin Is Moving To L.A., So Leave Him Alone",,2026-03-25 20:33:02 UTC,2026-03-25 20:54:54 UTC,http://laist.com/2016/03/31/new_neighbor_alec_baldwin.php
44755354,259_thrashed.txt,Thrashed,,2026-03-25 20:33:02 UTC,2026-03-25 20:54:54 UTC,https://story.californiasunday.com/jake-phelps-thrasher
44755355,260_how-to-get-1-million-twitter-followers-by-any-m....txt,How to Get 1 Million Twitter Followers—By Any Means Necessary,,2026-03-25 20:33:02 UTC,2026-03-25 20:54:54 UTC,http://www.gq.com/story/joe-mande-one-million-twitter-followers
44755356,261_you-re-hired-but-first-some-rules-medium.txt,"You’re hired, but first, some rules. — Medium",,2026-03-25 20:33:02 UTC,2026-03-25 20:54:54 UTC,https://medium.com/@jamesnord/you-re-hired-but-first-some-rules-6fdf94e64098#.vw5btlb0y
44755357,262_geoff-teehan-product-design-director-at-facebook.txt,"Geoff Teehan, Product Design Director at Facebook",,2026-03-25 20:33:03 UTC,2026-03-25 20:54:54 UTC,http://wayswework.io/interviews/geoff-teehan-product-design-director-at-facebook
44755358,263_sonos-ceo-john-macfarlane-on-voice-recognition-....txt,"Sonos CEO John MacFarlane on Voice Recognition, Layoffs and Streaming",,2026-03-25 20:33:03 UTC,2026-03-25 20:54:54 UTC,http://www.billboard.com/articles/business/7256313/sonos-ceo-john-macfarlane-from-the-desk-of
44755359,264_the-triumph-of-email.txt,The Triumph of Email,,2026-03-25 20:33:03 UTC,2026-03-25 20:54:54 UTC,http://www.theatlantic.com/technology/archive/2016/01/what-comes-after-email/422625/
44755361,265_los-angeles-city-of-breakfast.txt,Los Angeles: City of Breakfast,,2026-03-25 20:33:03 UTC,2026-03-25 20:54:54 UTC,http://www.nytimes.com/2016/02/24/dining/los-angeles-restaurants-breakfast.html
44755362,266_what-it-s-really-like-to-be-a-popular-weird-twi....txt,What It's Really Like to Be a Popular 'Weird Twitter' Personality,,2026-03-25 20:33:03 UTC,2026-03-25 20:54:54 UTC,http://www.vice.com/en_uk/read/joke-twitter-celebrities-endhoos-jonnysun-dubstep4dads-keetpotato-ruinedpicnic
44755363,267_baths-the-key-to-surviving-february.txt,Baths: The Key to Surviving February,,2026-03-25 20:33:03 UTC,2026-03-25 20:54:54 UTC,http://nymag.com/thecut/2016/02/baths-the-key-to-surviving-february.html
44755364,268_lesley-arfin-talks-love-on-screen-and-off.txt,"Lesley Arfin Talks Love, On-Screen and Off",,2026-03-25 20:33:03 UTC,2026-03-25 20:54:54 UTC,http://www.vogue.com/13403037/lesley-arfin-love-interview/
44755365,269_ask-polly-am-i-too-controlling.txt,Ask Polly: Am I Too Controlling?,,2026-03-25 20:33:03 UTC,2026-03-25 20:54:54 UTC,http://nymag.com/thecut/2016/02/ask-polly-am-i-too-controlling.html
44755366,270_customer-letter-apple.txt,Customer Letter - Apple,,2026-03-25 20:33:03 UTC,2026-03-25 20:54:54 UTC,http://www.apple.com/customer-letter/
44755367,271_getting-married-in-one-week-was-the-most-romant....txt,Getting Married in One Week Was the Most Romantic Thing I Ever Did,,2026-03-25 20:33:03 UTC,2026-03-25 20:54:54 UTC,http://nymag.com/thecut/2016/02/how-to-plan-your-wedding-in-one-week.html
44755368,272_the-rise-and-fall-of-abbot-kinney-or-how-venice....txt,"The Rise and Fall of Abbot Kinney, or, How Venice Is Dying",,2026-03-25 20:33:03 UTC,2026-03-25 20:54:54 UTC,https://www.thrillist.com/lifestyle/los-angeles/the-rise-and-fall-of-abbot-kinney
44755369,273_everyone-hates-martin-shkreli-everyone-is-missi....txt,Everyone Hates Martin Shkreli. Everyone Is Missing the Point - The New Yorker,,2026-03-25 20:33:03 UTC,2026-03-25 20:54:54 UTC,http://www.newyorker.com/culture/cultural-comment/everyone-hates-martin-shkreli-everyone-is-missing-the-point
44755370,274_the-fine-brothers-controversy-explained-medium.txt,The Fine Brothers Controversy Explained — Medium,,2026-03-25 20:33:03 UTC,2026-03-25 20:54:54 UTC,https://medium.com/@hankgreen/the-fine-brothers-controversy-explained-long-version-42d3285581d1#---96-152.n1n5oggki
44755372,275_the-fine-brothers-controversy-explained-medium.txt,The Fine Brothers Controversy Explained — Medium,,2026-03-25 20:33:03 UTC,2026-03-25 20:54:54 UTC,https://medium.com/@hankgreen/the-fine-brothers-controversy-explained-long-version-42d3285581d1#---96-152.n1n5oggki
44755373,276_ask-polly-how-do-i-express-my-feelings-like-a-h....txt,Ask Polly: How Do I Express My Feelings Like a Human?,,2026-03-25 20:33:04 UTC,2026-03-25 20:54:54 UTC,http://nymag.com/thecut/2016/01/ask-polly-how-do-i-learn-to-be-a-human.html
44755374,277_ask-polly-how-do-i-express-my-feelings-like-a-h....txt,Ask Polly: How Do I Express My Feelings Like a Human?,,2026-03-25 20:33:04 UTC,2026-03-25 20:54:54 UTC,http://nymag.com/thecut/2016/01/ask-polly-how-do-i-learn-to-be-a-human.html
44755375,278_the-second-amendment-original-intent-the-new-yo....txt,The Second Amendment: Original Intent - The New Yorker,,2026-03-25 20:33:04 UTC,2026-03-25 20:54:54 UTC,http://www.newyorker.com/humor/daily-shouts/the-second-amendment-original-intent
44755376,279_what-the-mast-brothers-scandal-tells-us-about-o....txt,What the Mast Brothers Scandal Tells Us About Ourselves,,2026-03-25 20:33:04 UTC,2026-03-25 20:54:54 UTC,http://www.eater.com/2015/12/23/10657022/what-the-mast-brothers-scandal-tells-us-about-ourselves
44755490,280_what-the-mast-brothers-scandal-tells-us-about-o....txt,What the Mast Brothers Scandal Tells Us About Ourselves,,2026-03-25 20:37:04 UTC,2026-03-25 20:54:54 UTC,http://www.eater.com/2015/12/23/10657022/what-the-mast-brothers-scandal-tells-us-about-ourselves
44755491,281_got-first-world-problems-don-t-feel-guilty.txt,Got First-World Problems? Don't Feel Guilty.,,2026-03-25 20:37:04 UTC,2026-03-25 20:54:54 UTC,http://opinionator.blogs.nytimes.com/2015/12/15/got-first-world-problems-dont-feel-guilty/
44755492,282_tiger-woods-on-his-pain-and-comeback.txt,Tiger Woods on His Pain and Comeback,,2026-03-25 20:37:04 UTC,2026-03-25 20:54:54 UTC,http://time.com/tiger/
44755493,283_conversion-via-twitter.txt,Conversion via Twitter,,2026-03-25 20:37:04 UTC,2026-03-25 20:54:54 UTC,http://www.newyorker.com/magazine/2015/11/23/conversion-via-twitter-westboro-baptist-church-megan-phelps-roper
44755494,284_ask-polly-should-i-get-a-boob-job.txt,Ask Polly: Should I Get a Boob Job?,,2026-03-25 20:37:04 UTC,2026-03-25 20:54:54 UTC,http://nymag.com/thecut/2015/12/ask-polly-should-i-get-a-boob-job.html
44755495,285_the-great-music-streaming-decision-of-2015.txt,The Great Music Streaming Decision of 2015,,2026-03-25 20:37:04 UTC,2026-03-25 20:54:54 UTC,https://medium.com/darkchart-music/the-great-music-streaming-decision-of-2015-f30d459fd08f#.gkw012uj2
44755496,286_my-child-has-a-pacifier-i-have-an-iphone.txt,My Child Has a Pacifier. I Have an iPhone.,,2026-03-25 20:37:04 UTC,2026-03-25 20:54:54 UTC,http://nymag.com/thecut/2015/11/my-child-has-a-pacifier-i-have-an-iphone.html
44755497,287_a-blueprint-from-the-woman-who-helped-adroll-do....txt,A Blueprint from the Woman Who Helped AdRoll Double its Sales Force and Sales,,2026-03-25 20:37:05 UTC,2026-03-25 20:54:54 UTC,http://firstround.com/review/a-blueprint-from-the-woman-who-helped-adroll-double-its-sales-force-and-sales/
44755498,288_dialing-down.txt,Dialing Down,,2026-03-25 20:37:05 UTC,2026-03-25 20:54:54 UTC,http://www.cgpgrey.com/blog/dialing-down
44755499,289_reconsider.txt,RECONSIDER,,2026-03-25 20:37:05 UTC,2026-03-25 20:54:54 UTC,https://medium.com/@dhh/reconsider-41adf356857f
44755500,290_rick-rubin-loves-to-listen-sonos-studio.txt,Rick Rubin Loves To Listen - Sonos Studio,,2026-03-25 20:37:05 UTC,2026-03-25 20:54:54 UTC,https://www.sonos.com/en/blog/sonos-sound-experience-creators?srsltid=AfmBOoprrZkDyXCkawgHH93DLv1R4q4H4lW1uYLT9pnr6mGSymbN9M2d
44755501,291_american-horror-story-the-cecil-hotel.txt,American Horror Story: The Cecil Hotel,,2026-03-25 20:37:05 UTC,2026-03-25 20:54:54 UTC,https://medium.com/matter/haunted-947d642a6d59#.q6823wo94
44755502,292_seven-things-i-did-to-reboot-my-life.txt,Seven Things I Did To Reboot My Life,,2026-03-25 20:37:05 UTC,2026-03-25 20:54:54 UTC,http://wilwheaton.net/2015/10/seven-things-i-did-to-reboot-my-life/
44755503,293_ghostly-transcends-its-record-label-roots-to-se....txt,Ghostly Transcends Its Record Label Roots to Sell an Ethos,,2026-03-25 20:37:05 UTC,2026-03-25 20:54:54 UTC,http://www.nytimes.com/2015/10/30/business/media/ghostly-transcends-its-record-label-roots-to-sell-an-ethos.html?nytmobile=0
44755504,294_ask-polly-why-do-you-always-tell-people-to-go-t....txt,Ask Polly: Why Do You Always Tell People to Go to Therapy?,,2026-03-25 20:37:05 UTC,2026-03-25 20:54:54 UTC,http://nymag.com/thecut/2015/10/ask-polly-why-do-you-always-recommend-therapy.html
44755505,295_lady-gaga-and-the-life-of-passion.txt,Lady Gaga and the Life of Passion,,2026-03-25 20:37:05 UTC,2026-03-25 20:54:54 UTC,http://www.nytimes.com/2015/10/23/opinion/lady-gaga-and-the-life-of-passion.html
44755506,296_getting-mad-at-greg-hardy-is-the-easy-part.txt,Getting Mad At Greg Hardy Is The Easy Part,,2026-03-25 20:37:05 UTC,2026-03-25 20:54:54 UTC,http://deadspin.com/getting-mad-at-greg-hardy-is-the-easy-part-1735953891
44755507,297_relax-for-the-same-result.txt,Relax for the same result,,2026-03-25 20:37:05 UTC,2026-03-25 20:54:54 UTC,http://sivers.org/relax
44755508,298_stop-brooklyning-perfectly-good-stuff.txt,Stop Brooklyning Perfectly Good Stuff,,2026-03-25 20:37:05 UTC,2026-03-25 20:54:54 UTC,http://observer.com/2015/09/stop-brooklyning-perfectly-good-stuff/
44755509,299_what-happens-next-will-amaze-you.txt,What Happens Next Will Amaze You,,2026-03-25 20:37:05 UTC,2026-03-25 20:54:53 UTC,http://idlewords.com/talks/what_happens_next_will_amaze_you.htm
44755510,300_men-s-journal-anthony-bourdain-s-world-domination.txt,Men's Journal - Anthony Bourdain's World Domination,,2026-03-25 20:37:05 UTC,2026-03-25 20:54:53 UTC,http://www.mensjournal.com/magazine/anthony-bourdains-world-domination-20150914
44755511,301_the-day-my-therapist-dared-me-to-have-sex-with-her.txt,The Day My Therapist Dared Me to Have Sex With Her,,2026-03-25 20:37:06 UTC,2026-03-25 20:54:53 UTC,http://narrative.ly/stories/the-day-my-therapist-dared-me-to-have-sex-with-her/
44755512,302_the-day-my-therapist-dared-me-to-have-sex-with-her.txt,The Day My Therapist Dared Me to Have Sex With Her,,2026-03-25 20:37:06 UTC,2026-03-25 20:54:53 UTC,http://narrative.ly/stories/the-day-my-therapist-dared-me-to-have-sex-with-her/
44755513,303_the-epic-200-tweet-story-howiquitspin.txt,The Epic 200-Tweet Story #HowIQuitSpin,,2026-03-25 20:37:06 UTC,2026-03-25 20:54:53 UTC,http://www.slate.com/blogs/browbeat/2015/07/21/_howiquitspin_is_university_of_california_davis_professor_joshua_clover.html
44755514,304_the-epic-200-tweet-story-howiquitspin.txt,The Epic 200-Tweet Story #HowIQuitSpin,,2026-03-25 20:37:06 UTC,2026-03-25 20:54:53 UTC,http://www.slate.com/blogs/browbeat/2015/07/21/_howiquitspin_is_university_of_california_davis_professor_joshua_clover.html
44755515,305_singleminded.txt,Singleminded,,2026-03-25 20:37:06 UTC,2026-03-25 20:54:53 UTC,http://opinionator.blogs.nytimes.com/2015/06/26/singleminded/
44755516,306_singleminded.txt,Singleminded,,2026-03-25 20:37:06 UTC,2026-03-25 20:54:53 UTC,http://opinionator.blogs.nytimes.com/2015/06/26/singleminded/
44755517,307_singleminded.txt,Singleminded,,2026-03-25 20:37:06 UTC,2026-03-25 20:54:53 UTC,http://opinionator.blogs.nytimes.com/2015/06/26/singleminded/
44755518,308_starting-over-at-35.txt,Starting over at 35,,2026-03-25 20:37:06 UTC,2026-03-25 20:54:53 UTC,https://medium.com/@meliss_hughes/starting-over-at-35-551b5e198657
44755519,309_basecamp-3-work-can-wait.txt,Basecamp 3: Work Can Wait,,2026-03-25 20:37:06 UTC,2026-03-25 20:54:53 UTC,https://medium.com/woah-basecamp-3/basecamp-3-work-can-wait-4adfb285c84b
44755520,310_how-sugar-daddies-make-it-happen.txt,How Sugar Daddies Make It Happen,,2026-03-25 20:37:06 UTC,2026-03-25 20:54:53 UTC,http://www.gq.com/story/sugar-daddies-explained
44755521,311_just-doesn-t-feel-good.txt,Just doesn’t feel good,,2026-03-25 20:37:06 UTC,2026-03-25 20:54:53 UTC,http://www.marco.org/2015/09/18/just-doesnt-feel-good
44755522,312_steve-jobs-and-the-perils-of-being-a-corporate-....txt,"Steve Jobs, and the perils of being a corporate visionary",,2026-03-25 20:37:06 UTC,2026-03-25 20:54:53 UTC,http://theweek.com/articles/576010/steve-jobs-perils-being-corporate-visionary
44755523,313_moving-in-with-someone-for-the-first-time.txt,Moving in with Someone for the First Time,,2026-03-25 20:37:06 UTC,2026-03-25 20:54:53 UTC,http://www.vice.com/read/couples-remember-what-it-was-like-to-first-move-in-together-111
44755524,314_ask-polly-are-my-friends-using-me.txt,Ask Polly: Are My Friends Using Me?,,2026-03-25 20:37:06 UTC,2026-03-25 20:54:53 UTC,http://nymag.com/thecut/2015/07/ask-polly-are-my-friends-using-me.html
44755525,315_will-whore-for-food.txt,Will Whore For Food,,2026-03-25 20:37:06 UTC,2026-03-25 20:54:53 UTC,http://luckypeach.com/will-whore-for-food/
44755526,316_hipster-barbie-is-so-much-better-at-instagram-t....txt,Hipster Barbie Is So Much Better at Instagram Than You,,2026-03-25 20:37:07 UTC,2026-03-25 20:54:53 UTC,http://www.wired.com/2015/09/hipster-barbie-much-better-instagram/
44755527,317_dismaland-is-a-smug-cliched-monument-to-banksy-....txt,"Dismaland Is a Smug, Clichéd Monument to Banksy's Dated Agenda",,2026-03-25 20:37:07 UTC,2026-03-25 20:54:53 UTC,http://www.vice.com/read/dismaland-isnt-what-you-think-it-is-or-what-it-thinks-it-is-292
44755528,318_the-summer-that-never-was.txt,The Summer That Never Was,,2026-03-25 20:37:07 UTC,2026-03-25 20:54:53 UTC,http://www.nytimes.com/2015/08/30/opinion/sunday/the-summer-that-never-was.html
44755529,319_the-tragic-story-of-oliver-sacks-s-celibacy.txt,The tragic story of Oliver Sacks’s celibacy,,2026-03-25 20:37:07 UTC,2026-03-25 20:54:53 UTC,http://www.washingtonpost.com/news/morning-mix/wp/2015/08/31/the-tragic-story-of-oliver-sackss-celibacy-and-homosexuality/
44755716,320_a-tour-of-lake-michigan-my-inland-sea.txt,"A Tour of Lake Michigan, My Inland Sea",,2026-03-25 20:44:31 UTC,2026-03-25 20:54:53 UTC,http://www.nytimes.com/2015/08/30/travel/lake-michigan-tour.html
44755717,321_that-amazon-story-we-are-afraid-our-work-is-kil....txt,That Amazon story: We are afraid our work is killing us,,2026-03-25 20:44:31 UTC,2026-03-25 20:54:53 UTC,http://fortune.com/2015/08/20/amazon-overwork/
44755718,322_can-we-ban-busy.txt,"Can We Ban ""Busy""?",,2026-03-25 20:44:31 UTC,2026-03-25 20:54:53 UTC,http://tuenight.com/2014/09/can-we-ban-busy/
44755719,323_has-the-locally-made-movement-gone-too-far.txt,Has the Locally Made Movement Gone Too Far?,,2026-03-25 20:44:31 UTC,2026-03-25 20:54:53 UTC,http://www.saveur.com/has-locally-made-movement-gone-too-far
44755720,324_we-re-just-haggling-over-price-medium.txt,We’re Just Haggling Over Price — Medium,,2026-03-25 20:44:31 UTC,2026-03-25 20:54:53 UTC,https://medium.com/@EricConradFL/we-re-just-haggling-over-price-185f80b79f07
44755721,325_how-i-learned-to-get-a-lot-done-without-being-b....txt,How I Learned to Get a Lot Done Without Being Busy — On Breaking the Mold — Medium,,2026-03-25 20:44:31 UTC,2026-03-25 20:54:53 UTC,https://medium.com/on-breaking-the-mold/how-i-learned-to-get-a-lot-done-without-being-busy-7989f7b300de
44755722,326_ask-polly-i-m-36-did-i-miss-my-chance-for-love.txt,Ask Polly: I’m 36—Did I Miss My Chance for Love?,,2026-03-25 20:44:32 UTC,2026-03-25 20:54:53 UTC,http://nymag.com/thecut/2015/07/ask-polly-im-36did-i-miss-my-chance-for-love.html
44755723,327_confessions-of-a-frustrated-marketer-it-s-easie....txt,Confessions of a frustrated marketer: 'It's easier to be a fraud at an agency' - Digiday,,2026-03-25 20:44:32 UTC,2026-03-25 20:54:53 UTC,http://digiday.com/brands/confessions-agency-expat-turned-client-easier-fraud-agency/
44755724,328_max-read-s-moralizing-justification-for-gawker-....txt,Max Read's Moralizing Justification for Gawker's Vile Article,,2026-03-25 20:44:32 UTC,2026-03-25 20:54:53 UTC,http://firstlook.org/theintercept/2015/07/17/max-reads-justification-gawkers-incomparably-vile-article/
44755725,329_let-s-talk-content-ama-r-announcements.txt,Let's talk content. AMA. • /r/announcements,,2026-03-25 20:44:32 UTC,2026-03-25 20:54:53 UTC,https://www.reddit.com/r/announcements/comments/3djjxw/lets_talk_content_ama/ct5qs11
44755726,330_small-companies-google-adsense-is-the-future.txt,Small Companies & Google Adsense is the future,,2026-03-25 20:44:32 UTC,2026-03-25 20:54:53 UTC,https://plentyoffish.wordpress.com/2006/06/07/small-companies-google-adsense-is-the-future/
44755727,331_jiro-dreams-of-kickflips-how-japan-mastered-one....txt,Jiro Dreams of Kickflips: How Japan Mastered One of America’s Greatest Inventions,,2026-03-25 20:44:32 UTC,2026-03-25 20:54:53 UTC,https://quartersnacks.com/2015/07/jiro-dreams-of-kickflips-how-japan-mastered-one-of-americas-greatest-inventions/#:~:text=We%20are%20failing%20to%20elevate%20Mr.%20Mullen%E2%80%99s%20seminal%20invention.%20It%20is%20stagnating%20in%20the%20country%20of%20its%20birth.%20The%20Japanese%2C%20on%20the%20other%20hand%2C%20are%20master%20kickflippers.%20Like%20a%20pair%20of%20jeans%20from%20seventy%20years%20ago%2C%20they%20give%20every%20nuance%20perverse%20amounts%20of%20attention%20before%20creating%20their%20own.%20They%20probably%20look%20for%20hidden%20pockets%20in%20the%20concave%20of%20a%20board%20that%20we%20haven%E2%80%99t%20even%20noticed%20yet%2C%20or%20perform%20sophisticated%20toe%20exercises%20to%20improve%20flick%20capabilities.%20The%20average%20Japanese%20kickflip%20is%20not%20average.
44755728,332_jonathan-ive-and-the-future-of-apple-the-new-yo....txt,Jonathan Ive and the Future of Apple - The New Yorker,,2026-03-25 20:44:32 UTC,2026-03-25 20:54:53 UTC,http://www.newyorker.com/magazine/2015/02/23/shape-things-come
44755729,333_shoshin.txt,Shoshin,,2026-03-25 20:44:32 UTC,2026-03-25 20:54:53 UTC,http://boz.com/articles/shoshin.html
44755730,334_find-your-fast-this-is-another-post-about-a-bik....txt,"Find Your Fast - This is another post about a bike ride, an after...",,2026-03-25 20:44:32 UTC,2026-03-25 20:54:53 UTC,http://findyourfast.tumblr.com/post/121657077569/this-is-another-post-about-a-bike-ride-an-after
44755731,335_last-life-a-dj-saved-my-night-medium.txt,Last Life A DJ Saved My Night — Medium,,2026-03-25 20:44:32 UTC,2026-03-25 20:54:53 UTC,https://medium.com/@drip/last-life-a-dj-saved-my-night-802b1f7f17a5
44755732,336_austin-kleon-how-to-graciously-say-no-to-anyone....txt,Austin Kleon — How to graciously say no to anyone “There is no...”,,2026-03-25 20:44:32 UTC,2026-03-25 20:54:53 UTC,http://tumblr.austinkleon.com/post/120472862666
44755733,337_feedback-is-a-gift.txt,Feedback Is A Gift,,2026-03-25 20:44:32 UTC,2026-03-25 20:54:53 UTC,http://boz.com/articles/feedback-is-a-gift.html
44755734,338_the-hipster-is-dead-and-you-might-not-like-who-....txt,"The hipster is dead, and you might not like who comes next",,2026-03-25 20:44:32 UTC,2026-03-25 20:54:53 UTC,http://mashable.com/2015/06/09/post-hipster-yuccie/
44755735,339_i-m-into-commencement-addresses-lately-they-re-....txt,"I’m into commencement addresses lately. They’re a weird genre at which dark, tortured souls seem to… — The Message — Medium",,2026-03-25 20:44:33 UTC,2026-03-25 20:54:53 UTC,https://medium.com/message/i-m-into-commencement-addresses-lately-they-re-a-weird-genre-at-which-dark-tortured-souls-seem-to-ff3fd55ff40
44755736,340_google-got-it-wrong-the-open-office-trend-is-de....txt,Google got it wrong. The open-office trend is destroying the workplace.,,2026-03-25 20:44:33 UTC,2026-03-25 20:54:53 UTC,http://www.washingtonpost.com/posteverything/wp/2014/12/30/google-got-it-wrong-the-open-office-trend-is-destroying-the-workplace/
44755737,341_daring-fireball-the-big-news-sites-still-rule.txt,Daring Fireball: 'The Big News Sites Still Rule',,2026-03-25 20:44:33 UTC,2026-03-25 20:54:53 UTC,http://daringfireball.net/linked/2015/05/28/lefsetz-news
44755738,342_you-sold-your-company-what-did-you-buy-first-he....txt,"You Sold Your Company, What Did You Buy First? Here's What I Did. by Jason Hirschhorn / Jason Hirschhorn",,2026-03-25 20:44:33 UTC,2026-03-25 20:54:53 UTC,http://redef.com/item/53b9435374b1325f4e9280ad?curator=MediaREDEF&source=http%3A%2F%2Fjasonhirschhorn.typepad.com%2Fmy_weblog%2F2011%2F08%2Fwhat-did-you-buy-first-once-you-hit-it.html
44755739,343_be-kind.txt,Be Kind,,2026-03-25 20:44:33 UTC,2026-03-25 20:54:52 UTC,http://boz.com/articles/be-kind.html
44755741,344_elon-musk-denies-reports-he-scolded-an-employee....txt,Elon Musk denies reports he scolded an employee for skipping a work event to watch the birth of his child,,2026-03-25 20:44:33 UTC,2026-03-25 20:54:52 UTC,http://www.vox.com/2015/5/11/8587485/elon-musk-once-scolded-an-employee-for-skipping-a-work-event-to-watch
44755742,345_when-the-cyberbully-is-you.txt,When the Cyberbully Is You,,2026-03-25 20:44:33 UTC,2026-03-25 20:54:52 UTC,http://www.nytimes.com/2015/04/30/style/when-the-cyberbully-is-you.html
44755743,346_does-silicon-valley-have-a-soul-it-did-as-well-....txt,Does Silicon Valley Have a Soul? It Did -- as Well as a Heart -- in Dave Goldberg.,,2026-03-25 20:44:33 UTC,2026-03-25 20:54:52 UTC,http://recode.net/2015/05/02/does-silicon-valley-have-a-soul-it-did-as-well-as-a-heart-in-dave-goldberg/
44755744,347_a-new-dating-manifesto-for-2015.txt,A NEW DATING MANIFESTO FOR 2015,,2026-03-25 20:44:33 UTC,2026-03-25 20:54:52 UTC,https://medium.com/@shutupilovethat/a-new-dating-manifesto-for-2015-9eb84a4f476e
44755745,348_a-new-dating-manifesto-for-2015.txt,A NEW DATING MANIFESTO FOR 2015,,2026-03-25 20:44:33 UTC,2026-03-25 20:54:52 UTC,https://medium.com/@shutupilovethat/a-new-dating-manifesto-for-2015-9eb84a4f476e
44755746,349_werner-herzog-s-thoughts-on-los-angeles-are-pre....txt,Werner Herzog's Thoughts On Los Angeles Are Pretty Great,,2026-03-25 20:44:33 UTC,2026-03-25 20:54:52 UTC,http://laist.com/2015/05/04/werner_herzogs_take_on_los_angeles.php
44755747,350_editor-s-letter-8.txt,Editor’s Letter #8,,2026-03-25 20:44:33 UTC,2026-03-25 20:54:52 UTC,http://www.garancedore.fr/en/2015/05/04/editors-letter-8/
44755748,351_the-triumph-of-the-hype.txt,The Triumph of the Hype,,2026-03-25 20:44:33 UTC,2026-03-25 20:54:52 UTC,http://gawker.com/the-triumph-of-the-hype-1701978660
44755749,352_twitlonger-when-you-talk-too-much-for-twitter.txt,TwitLonger — When you talk too much for Twitter,,2026-03-25 20:44:33 UTC,2026-03-25 20:54:52 UTC,http://www.twitlonger.com/show/n_1sm1ksb
44755750,353_the-espn-reporter-that-should-be-getting-the-at....txt,The ESPN Reporter That Should Be Getting The Attention,,2026-03-25 20:44:33 UTC,2026-03-25 20:54:52 UTC,http://alexflanagan.com/the-espn-reporter-that-should-be-getting-the-attention/
44755751,354_don-t-mess-with-my-bacon-egg-and-cheese.txt,"Don’t Mess With My Bacon, Egg and Cheese",,2026-03-25 20:44:34 UTC,2026-03-25 20:54:52 UTC,http://www.nytimes.com/2015/04/15/dining/dont-mess-with-my-breakfast-sandwich.html
44755752,355_don-t-mess-with-my-bacon-egg-and-cheese.txt,"Don’t Mess With My Bacon, Egg and Cheese",,2026-03-25 20:44:34 UTC,2026-03-25 20:54:52 UTC,http://www.nytimes.com/2015/04/15/dining/dont-mess-with-my-breakfast-sandwich.html
44755753,356_look-and-feel-and-feel-by-jason-fried-of-basecamp.txt,Look and Feel and Feel by Jason Fried of Basecamp,,2026-03-25 20:44:34 UTC,2026-03-25 20:54:52 UTC,https://signalvnoise.com/posts/3868-look-and-feel-and-feel
44755754,357_alone-with-a-bowl-of-gnocchi-saveur.txt,Alone with a Bowl of Gnocchi (SAVEUR),,2026-03-25 20:44:34 UTC,2026-03-25 20:54:52 UTC,https://www.saveur.com/article/blog/alone-with-a-bowl-of-gnocchi/
44755755,358_the-canonization-of-st-steve-of-cupertino.txt,The canonization of St. Steve of Cupertino,,2026-03-25 20:44:34 UTC,2026-03-25 20:54:52 UTC,http://qz.com/369161/the-canonization-of-st-steve-of-cupertino/
44755756,359_the-button-the-fascinating-social-experiment-dr....txt,The button: the fascinating social experiment driving Reddit crazy,,2026-03-25 20:44:34 UTC,2026-03-25 20:54:52 UTC,http://www.vox.com/2015/4/10/8383165/reddit-button-explained
44755827,360_the-moral-bucket-list.txt,The Moral Bucket List,,2026-03-25 20:47:51 UTC,2026-03-25 20:54:52 UTC,http://www.nytimes.com/2015/04/12/opinion/sunday/david-brooks-the-moral-bucket-list.html
44755828,361_confessions-of-a-former-romantic-obsessive.txt,Confessions of a Former Romantic Obsessive,,2026-03-25 20:47:51 UTC,2026-03-25 20:54:52 UTC,http://www.xojane.com/sex/confessions-former-romantic-obsessive
44755829,362_can-weed-really-help-addicts-recover-from-alcoh....txt,Can Weed Really Help Addicts Recover from Alcoholism and Hard Drug Use?,,2026-03-25 20:47:51 UTC,2026-03-25 20:54:52 UTC,https://www.vice.com/read/could-marijuana-help-addicts-recover-from-alcoholism-and-hard-drug-use-234#:~:text=The%20goal%20of%20substance%20treatment%20isn%27t%20necessarily%20to%20demand%20abstinence%20as%20much%20as%20it%20is%20to%20help%20someone%20manage%20their%20life%20in%20a%20manner%20where%20substances%20are%20no%20longer%20interfering%20in%20a%20negative%20way.
44755830,363_why-are-all-good-restaurants-around-the-world-s....txt,Why Are All ‘Good’ Restaurants Around the World Starting To Look the Same? — Gone — Medium,,2026-03-25 20:47:51 UTC,2026-03-25 20:54:52 UTC,https://medium.com/gone/why-are-all-good-restaurants-around-the-world-starting-to-look-the-same-d03f454c137d
44755831,364_unicorns-vs-horses-medium.txt,Unicorns vs. Horses — Medium,,2026-03-25 20:47:51 UTC,2026-03-25 20:54:52 UTC,https://medium.com/@awilkinson/unicorns-vs-horses-f81d8dd61f17
44755832,365_so-when-is-it-going-to-be-time-now-as-google-cf....txt,"So When Is It Going to Be Time?' Now, as Google CFO Pichette to Retire From Search Giant.",,2026-03-25 20:47:51 UTC,2026-03-25 20:54:52 UTC,http://recode.net/2015/03/10/google-cfo-patrick-pichette-to-retire-from-search-giant/
44755833,366_the-comedy-and-good-conversation-of-harris-wittels.txt,The Comedy And Good Conversation Of Harris Wittels,,2026-03-25 20:47:51 UTC,2026-03-25 20:54:52 UTC,http://www.npr.org/blogs/monkeysee/2015/02/20/387773881/the-comedy-and-good-conversation-of-harris-wittels
44755834,367_when-your-punctuation-says-it-all.txt,When Your Punctuation Says It All (!),,2026-03-25 20:47:52 UTC,2026-03-25 20:54:52 UTC,http://www.nytimes.com/2015/03/01/style/when-your-punctuation-says-it-all.html
44755835,368_when-your-punctuation-says-it-all.txt,When Your Punctuation Says It All (!),,2026-03-25 20:47:52 UTC,2026-03-25 20:54:52 UTC,http://www.nytimes.com/2015/03/01/style/when-your-punctuation-says-it-all.html
44755836,369_psychopath-who-harassed-brianna-wu-just-kidding.txt,Psychopath Who Harassed Brianna Wu: Just Kidding!,,2026-03-25 20:47:52 UTC,2026-03-25 20:54:52 UTC,http://internet.gawker.com/psychopath-who-harassed-brianna-wu-just-kidding-1687695961
44755837,370_psychopath-who-harassed-brianna-wu-just-kidding.txt,Psychopath Who Harassed Brianna Wu: Just Kidding!,,2026-03-25 20:47:52 UTC,2026-03-25 20:54:52 UTC,http://internet.gawker.com/psychopath-who-harassed-brianna-wu-just-kidding-1687695961
44755838,371_how-everlane-turned-hipsters-basic.txt,How Everlane Turned Hipsters Basic,,2026-03-25 20:47:52 UTC,2026-03-25 20:54:52 UTC,http://www.thefader.com/2015/02/16/everlane-is-dressing-a-new-professional-class
44755839,372_of-course-a-brand-can-be-your-friend.txt,Of course a brand can be your friend,,2026-03-25 20:47:52 UTC,2026-03-25 20:54:52 UTC,http://nick.kinja.com/of-course-a-brand-can-be-your-friend-1686102136
44755840,373_stupid-tricks-with-promoted-tweets-the-message-....txt,Stupid Tricks with Promoted Tweets — The Message — Medium,,2026-03-25 20:47:52 UTC,2026-03-25 20:54:52 UTC,https://medium.com/message/stupid-tricks-with-promoted-tweets-57325552109d
44755841,374_hallowed-be-thy-name-brand-the-religious-consum....txt,\Hallowed Be Thy Name Brand: The Religious Consumerism of Megachurch Pastor Joel Osteen,,2026-03-25 20:47:52 UTC,2026-03-25 20:54:52 UTC,https://www.vice.com/read/hallowed-be-thy-namebrand-the-religious-consumerism-of-megachurch-pastor-joel-osteen
44755842,375_the-last-relevant-blogger.txt,The Last Relevant Blogger,,2026-03-25 20:47:52 UTC,2026-03-25 20:54:52 UTC,http://motherboard.vice.com/read/hipster-runoff-the-last-relevant-blogger
44755843,376_everything-you-need-to-know-about-the-record-br....txt,Everything you need to know about the record-breaking El Capitan climb in Yosemite,,2026-03-25 20:47:52 UTC,2026-03-25 20:54:52 UTC,http://www.huckmagazine.com/perspectives/reportage-2/el-capitan/
44755844,377_overcast-s-2014-sales-numbers.txt,Overcast’s 2014 sales numbers,,2026-03-25 20:47:52 UTC,2026-03-25 20:54:52 UTC,http://www.marco.org/2015/01/15/overcast-sales-numbers
44755845,378_network-tv-ate-my-life-eddie-huang-on-watching-....txt,Network TV Ate My Life: Eddie Huang on Watching His Memoir Become a Sitcom,,2026-03-25 20:47:52 UTC,2026-03-25 20:54:52 UTC,http://www.vulture.com/2015/01/eddie-huang-fresh-off-the-boat-abc.html
44755846,379_to-fall-in-love-with-anyone-do-this.txt,"To Fall in Love With Anyone, Do This",,2026-03-25 20:47:52 UTC,2026-03-28 06:13:32 UTC,http://www.nytimes.com/2015/01/11/fashion/modern-love-to-fall-in-love-with-anyone-do-this.html
44755847,380_justine-sacco-is-good-at-her-job-and-how-i-came....txt,"Justine Sacco Is Good at Her Job, and How I Came To Peace With Her",,2026-03-25 20:47:52 UTC,2026-03-25 20:54:52 UTC,http://gawker.com/justine-sacco-is-good-at-her-job-and-how-i-came-to-pea-1653022326
44755848,381_justine-sacco-is-good-at-her-job-and-how-i-came....txt,"Justine Sacco Is Good at Her Job, and How I Came To Peace With Her",,2026-03-25 20:47:52 UTC,2026-03-25 20:54:52 UTC,http://gawker.com/justine-sacco-is-good-at-her-job-and-how-i-came-to-pea-1653022326
44755849,382_why-airlines-want-to-make-you-suffer.txt,Why Airlines Want to Make You Suffer,,2026-03-25 20:47:53 UTC,2026-03-25 20:54:52 UTC,http://www.newyorker.com/business/currency/airlines-want-you-to-suffer
44755850,383_with-grace-a-year-of-wednesdays-medium.txt,With Grace — A Year of Wednesdays — Medium,,2026-03-25 20:47:53 UTC,2026-03-25 20:54:52 UTC,https://medium.com/a-year-of-wednesdays/with-grace-ed8422f2d3e6
44755851,384_with-grace-a-year-of-wednesdays-medium.txt,With Grace — A Year of Wednesdays — Medium,,2026-03-25 20:47:53 UTC,2026-03-25 20:54:52 UTC,https://medium.com/a-year-of-wednesdays/with-grace-ed8422f2d3e6
44755852,385_how-to-take-an-emotional-vacation-medium.txt,How to Take an Emotional Vacation — Medium,,2026-03-25 20:47:53 UTC,2026-03-25 20:54:52 UTC,https://medium.com/@tedgonder/how-to-take-an-emotional-vacation-767bc8eacbdb
44755853,386_tristan-walker-the-visible-man.txt,Tristan Walker: The Visible Man,,2026-03-25 20:47:53 UTC,2026-03-25 20:54:51 UTC,http://www.fastcompany.com/3037933/the-visible-man
44755854,387_skateboarding-as-religion.txt,Skateboarding As Religion,,2026-03-25 20:47:53 UTC,2026-03-25 20:54:51 UTC,http://www.buzzfeed.com/seanwilsey/more-like-a-metaphor
44755855,388_6-enneagram-type-six-the-loyalist-overview.txt,6—Enneagram Type Six: The Loyalist—Overview,,2026-03-25 20:47:53 UTC,2026-03-25 20:54:51 UTC,http://www.enneagraminstitute.com/TypeSixOverview.asp
44755856,389_6-enneagram-type-six-the-loyalist-overview.txt,6—Enneagram Type Six: The Loyalist—Overview,,2026-03-25 20:47:53 UTC,2026-03-25 20:54:51 UTC,http://www.enneagraminstitute.com/TypeSixOverview.asp
44755857,390_do-great-work-wolf-howl-medium.txt,Do great work. — Wolf Howl — Medium,,2026-03-25 20:47:53 UTC,2026-03-25 20:54:51 UTC,https://medium.com/wolf-howl/do-great-work-24b4ce25da56
44755858,391_it-s-obvious-again-obvious-ventures-medium.txt,It’s Obvious. Again. — Obvious Ventures — Medium,,2026-03-25 20:47:53 UTC,2026-03-25 20:54:51 UTC,https://medium.com/obvious-ventures/its-obvious-again-6ef02bfef3f5
44755859,392_a-place-to-belong.txt,A Place to Belong,,2026-03-25 20:47:53 UTC,2026-03-25 20:54:51 UTC,http://www.theroadishome.com/a-place-to-belong/
44755861,393_paperplanes-from-open-unlimited-to-minimum-vaca....txt,paperplanes. From Open (Unlimited) to Minimum Vacation Policy,,2026-03-25 20:47:53 UTC,2026-03-25 20:54:51 UTC,http://www.paperplanes.de/2014/12/10/from-open-to-minimum-vacation-policy.html
44755862,394_paperplanes-from-open-unlimited-to-minimum-vaca....txt,paperplanes. From Open (Unlimited) to Minimum Vacation Policy,,2026-03-25 20:47:53 UTC,2026-03-25 20:54:51 UTC,http://www.paperplanes.de/2014/12/10/from-open-to-minimum-vacation-policy.html
44755863,395_how-podcasts-give-listeners-new-ways-to-talk-ab....txt,How Podcasts Give Listeners New Ways to Talk About Depression and Mental Health,,2026-03-25 20:47:53 UTC,2026-03-25 20:54:51 UTC,http://www.slate.com/articles/arts/ten_years_in_your_ears/2014/12/podcasting_and_depression_how_marc_maron_dave_holmes_and_other_podcasters.html
44755864,396_this-is-me-inside-medium-medium.txt,This Is Me — Inside Medium — Medium,,2026-03-25 20:47:53 UTC,2026-03-25 20:54:51 UTC,https://medium.com/inside/this-is-me-1dceb3ec8694
44755865,397_on-kindness-matter-medium.txt,On Kindness — Matter — Medium,,2026-03-25 20:47:54 UTC,2026-03-25 20:54:51 UTC,https://medium.com/matter/on-kindness-819ce388f976
44755866,398_the-pretender-why-i-can-t-stand-dave-grohl.txt,The Pretender: Why ‘I Can’t Stand Dave Grohl’,,2026-03-25 20:47:54 UTC,2026-03-25 20:54:51 UTC,http://www.bdcwire.com/the-pretender-why-i-cant-stand-dave-grohl/
44755867,399_social-anxiety-why-artist-amalia-ulman-s-fake-m....txt,"Social Anxiety: Why Artist Amalia Ulman's Fake ""Middlebrow"" Instagram Is No Different From Yours",,2026-03-25 20:47:54 UTC,2026-03-25 20:54:51 UTC,http://www.thefader.com/2014/11/07/social-anxiety-why-amalia-ulmans-middlebrow-instagram-feed-is-no-different-from-yours
44755934,400_fighting-to-make-games-worse.txt,Fighting to make games worse,,2026-03-25 20:50:57 UTC,2026-03-25 20:54:51 UTC,http://tracks.ranea.org/post/101309164723/fighting-to-make-games-worse
44755935,401_this-is-not-the-cheapest-but-it-is-worth-it.txt,This is not the cheapest but it is worth it.,,2026-03-25 20:50:57 UTC,2026-03-25 20:54:51 UTC,http://www.seanwoolsey.com/blog/2014/10/4/the-tyranny-of-lowest-price-seth-godin
44755936,402_grocery-list-a-year-of-wednesdays-medium.txt,Grocery List — A Year of Wednesdays — Medium,,2026-03-25 20:50:57 UTC,2026-03-25 20:54:51 UTC,https://medium.com/a-year-of-wednesdays/grocery-list-a959d1808770
44755937,403_maria-popova-staying-present-and-grounded-in-th....txt,Maria Popova: Staying Present and Grounded in the Age of Information Overload,,2026-03-25 20:50:57 UTC,2026-03-25 20:54:51 UTC,http://99u.com/articles/29651/maria-popova-staying-present-and-grounded-in-the-age-of-information-overload
44755938,404_maria-popova-staying-present-and-grounded-in-th....txt,Maria Popova: Staying Present and Grounded in the Age of Information Overload,,2026-03-25 20:50:57 UTC,2026-03-25 20:54:51 UTC,http://99u.com/articles/29651/maria-popova-staying-present-and-grounded-in-the-age-of-information-overload
44755939,405_everyone-on-tinder-is-my-boyfriend-femsplain.txt,Everyone On Tinder Is My Boyfriend - Femsplain,,2026-03-25 20:50:57 UTC,2026-03-25 20:54:51 UTC,
44755940,406_you-can-t-connect-the-dots-looking-forward.txt,You can’t connect the dots looking forward...,,2026-03-25 20:50:58 UTC,2026-03-25 20:54:51 UTC,http://bijansabet.com/post/100078324173/you-cant-connect-the-dots-looking-forward-you
44755941,407_nobody-knows-what-the-hell-they-are-doing.txt,Nobody Knows What The Hell They Are Doing,,2026-03-25 20:50:58 UTC,2026-03-25 20:54:51 UTC,http://99u.com/articles/32985/nobody-knows-what-the-hell-they-are-doing
44755942,408_stop-supporting-gamergate.txt,Stop supporting Gamergate,,2026-03-25 20:50:58 UTC,2026-03-25 20:54:51 UTC,http://www.theverge.com/2014/10/8/6919179/stop-supporting-gamergate
44755943,409_mike-rowe-s-must-read-response.txt,Mike Rowe's must-read response...,,2026-03-25 20:50:58 UTC,2026-03-25 20:54:51 UTC,http://yellowhammernews.com/faithandculture/alabamian-gets-schooled-mike-rowe-dirty-jobs/
44755944,410_how-netflix-reinvented-hr.txt,How Netflix Reinvented HR,,2026-03-25 20:50:58 UTC,2026-03-25 20:54:51 UTC,http://hbr.org/2014/01/how-netflix-reinvented-hr/ar/pr
44755945,411_i-have-46-thanksgiving-dinners-left-with-my-fam....txt,"I have 46 Thanksgiving dinners left with my family. After that, I’ll be dead. — Medium",,2026-03-25 20:50:58 UTC,2026-03-25 20:54:51 UTC,https://medium.com/@benhuh/i-have-46-thanksgiving-dinners-left-with-my-family-after-that-ill-be-dead-ab4cb249eadf
44755946,412_the-ultimate-office-perk-is-not-having-an-office.txt,The ultimate office perk is not having an office,,2026-03-25 20:50:58 UTC,2026-03-25 20:54:51 UTC,http://qz.com/260933/the-case-for-a-distributed-workforce/
44755947,413_the-unbelievers.txt,: The Unbelievers,,2026-03-25 20:50:58 UTC,2026-03-25 20:54:51 UTC,http://www.villagevoice.com/movies/the-unbelievers-4480495/
44755948,414_ello-waxpancake.txt,Ello (waxpancake),,2026-03-25 20:50:58 UTC,2026-03-25 20:54:51 UTC,
44755949,415_daisy-s-dirty-secret-your-intellectual-dentist-....txt,Daisy’s Dirty Secret — Your Intellectual Dentist — Medium,,2026-03-25 20:50:58 UTC,2026-03-25 20:54:51 UTC,https://medium.com/your-intellectual-dentist/daisys-dirty-secret-5b27a1ea3120
44755950,416_anthony-bourdain-s-life-advice.txt,Anthony Bourdain's Life Advice,,2026-03-25 20:50:58 UTC,2026-03-25 20:54:51 UTC,http://www.mensjournal.com/magazine/anthony-bourdains-life-advice-20140919
44755951,417_anthony-bourdain-s-life-advice.txt,Anthony Bourdain's Life Advice,,2026-03-25 20:50:58 UTC,2026-03-25 20:54:51 UTC,http://www.mensjournal.com/magazine/anthony-bourdains-life-advice-20140919
44755952,418_i-m-leaving-mojang-notch-net.txt,I’m leaving Mojang (notch.net),,2026-03-25 20:50:58 UTC,2026-03-25 20:54:51 UTC,
44755953,419_i-m-leaving-mojang-notch-net.txt,I’m leaving Mojang (notch.net),,2026-03-25 20:50:58 UTC,2026-03-25 20:54:51 UTC,
44755954,420_want-to-understand-the-secret-of-vice-s-success....txt,Want to understand the secret of Vice's success? Wait and watch,,2026-03-25 20:50:58 UTC,2026-03-25 20:54:51 UTC,http://pando.com/2014/09/04/want-to-understand-the-secret-of-vices-success-wait-and-watch/
44755955,421_the-worst-part-of-the-ice-bucket-challenge-is-t....txt,The Worst Part of the Ice Bucket Challenge Is the People Criticizing It,,2026-03-25 20:50:59 UTC,2026-03-25 20:54:51 UTC,http://www.vice.com/read/the-worst-part-of-the-ice-bucket-challenge-is-the-people-criticizing-it-822
44755956,422_the-internet-of-small-businesses.txt,The Internet of Small Businesses,,2026-03-25 20:50:59 UTC,2026-03-25 20:54:51 UTC,http://chris.beams.io/posts/pinboard/
44755957,423_back-to-square-one.txt,Back To Square One,,2026-03-25 20:50:59 UTC,2026-03-25 20:54:51 UTC,http://www.fastcompany.com/3033412/back-to-square-one
44755958,424_why-i-m-leaving-death-cab-for-cutie.txt,Why I'm Leaving Death Cab for Cutie,,2026-03-25 20:50:59 UTC,2026-03-25 20:54:51 UTC,http://slog.thestranger.com/slog/archives/2014/08/13/why-im-leaving-death-cab-for-cutie-by-chris-walla
44755959,425_the-elegant-art-of-not-giving-a-shit.txt,The elegant art of not giving a shit,,2026-03-25 20:50:59 UTC,2026-03-25 20:54:51 UTC,http://www.raptitude.com/2014/07/not-giving-a-shit/
44755960,426_behind-the-till-human-parts-medium.txt,Behind the Till — Human Parts — Medium,,2026-03-25 20:50:59 UTC,2026-03-25 20:54:51 UTC,https://medium.com/human-parts/behind-the-till-bb7b1ed23746
44755961,427_if-there-is-no-wind-row-sloane-davidson-medium.txt,"If there is no wind, row. — Sloane Davidson — Medium",,2026-03-25 20:50:59 UTC,2026-03-25 20:54:51 UTC,https://medium.com/sloane-davidson/if-there-is-no-wind-row-45105cac5c73
44755962,428_look-up-war-porn-medium.txt,Look Up! — War & Porn — Medium,,2026-03-25 20:50:59 UTC,2026-03-25 20:54:50 UTC,https://medium.com/war-porn/look-up-f888e30e21b
44755963,429_new-york-city-and-l-a-are-equally-terrible-plac....txt,New York City and L.A. are Equally Terrible Places to Live,,2026-03-25 20:50:59 UTC,2026-03-25 20:54:50 UTC,http://gawker.com/new-york-city-and-l-a-are-equally-terrible-places-to-l-1614556730
44755964,430_hopeful-perspectives-1-year-after-my-son-s-birt....txt,Hopeful Perspectives 1 Year After My Son’s Birth/Death — Medium,,2026-03-25 20:50:59 UTC,2026-03-25 20:54:50 UTC,https://medium.com/@chase_reeves/f3348475bb28
44755965,431_why-i-am-leaving-the-best-job-i-ever-had.txt,Why I am leaving the best job I ever had,,2026-03-25 20:50:59 UTC,2026-03-25 20:54:50 UTC,http://maxschireson.com/2014/08/05/1137/
44755966,432_impostor-syndrome-is-not-just-a-confidence-prob....txt,Impostor Syndrome Is Not Just a Confidence Problem — Medium,,2026-03-25 20:50:59 UTC,2026-03-25 20:54:50 UTC,https://medium.com/@aliciatweet/dea670e59f6e
44755967,433_i-m-ira-glass-host-of-this-american-life-and-th....txt,"I'm Ira Glass, Host of This American Life, and This Is How I Work",,2026-03-25 20:50:59 UTC,2026-03-25 20:54:50 UTC,http://lifehacker.com/im-ira-glass-host-of-this-american-life-and-this-is-h-1609562031
44755968,434_snowpiercer-should-have-been-the-breakout-block....txt,"""Snowpiercer"" Should Have Been The Breakout Blockbuster Of The Summer",,2026-03-25 20:50:59 UTC,2026-03-25 20:54:50 UTC,http://www.buzzfeed.com/annehelenpetersen/go-see-snowpiercer-already-will-you
44755970,435_the-trouble-with-floyd-mayweather.txt,The Trouble With Floyd Mayweather,,2026-03-25 20:50:59 UTC,2026-03-25 20:54:50 UTC,http://deadspin.com/the-trouble-with-floyd-mayweather-1605217498
44755971,436_lousy-goddamn-hipsters-help-90-year-old-bar-tur....txt,Lousy goddamn hipsters help 90-year-old bar turn a profit,,2026-03-25 20:51:00 UTC,2026-03-25 20:54:50 UTC,http://brokelyn.com/lousy-goddamn-hipsters-help-90-year-old-bar-gotscheer-hall-turn-profit/
44755972,437_happy-third-birthday-horse_ebooks.txt,"Happy third birthday, @Horse_ebooks!",,2026-03-25 20:51:00 UTC,2026-03-25 20:54:50 UTC,https://medium.com/editors-picks/7e3b7130f131
44755973,438_a-brief-history-of-quitting.txt,A Brief History of Quitting,,2026-03-25 20:51:00 UTC,2026-03-25 20:54:50 UTC,https://medium.com/a-writers-life/e51c9285e414
44755974,439_tales-from-our-baristas-by-craig-cavallo-narrat....txt,"Tales From Our Baristas by Craig Cavallo - Narratively: Local stories, boldly told.",,2026-03-25 20:51:00 UTC,2026-03-25 20:54:50 UTC,http://narrative.ly/caffeinated-city/tales-from-our-baristas/
44756033,440_the-bottom-feeder-why-indie-developers-go-insane.txt,The Bottom Feeder: Why Indie Developers Go Insane,,2026-03-25 20:54:28 UTC,2026-03-25 20:54:50 UTC,http://jeff-vogel.blogspot.com/2014/02/why-indie-developers-go-insane.html
44756034,441_summers-time-adult-mag.txt,Summers' Time - Adult Mag,,2026-03-25 20:54:28 UTC,2026-03-25 20:54:50 UTC,http://adult-mag.com/nudes-chelsea-g-summers/
44756035,442_joan-didion-on-self-respect.txt,"Joan Didion, ""On Self-Respect""",,2026-03-25 20:54:28 UTC,2026-03-25 20:54:50 UTC,http://profacero.wordpress.com/2010/11/29/joan-didion-on-self-respect/
44756036,443_buzzfeed-s-jonah-peretti-goes-long.txt,BuzzFeed’s Jonah Peretti Goes Long,,2026-03-25 20:54:28 UTC,2026-03-25 20:54:50 UTC,https://medium.com/matter/buzzfeeds-jonah-peretti-goes-long-e98cf13160e7
44756037,444_buzzfeed-s-jonah-peretti-goes-long.txt,BuzzFeed’s Jonah Peretti Goes Long,,2026-03-25 20:54:28 UTC,2026-03-25 20:54:50 UTC,https://medium.com/matter/buzzfeeds-jonah-peretti-goes-long-e98cf13160e7
44756038,445_no-country-for-old-pervs-the-fall-of-the-houses....txt,No Country for Old Pervs: The Fall of the Houses of Terry Richardson and Dov Charney,,2026-03-25 20:54:28 UTC,2026-03-25 20:54:50 UTC,http://grantland.com/hollywood-prospectus/terry-richardson-dov-charney-american-apparel-pornography/
44756039,446_why-oscar-winners-say-they-re-humbled.txt,Why Oscar Winners Say They’re 'Humbled',,2026-03-25 20:54:28 UTC,2026-03-25 20:54:50 UTC,http://www.theatlantic.com/health/archive/2014/03/why-oscar-winners-say-they-re-humbled/284148/
44756040,447_pinboard-turns-five.txt,Pinboard Turns Five,,2026-03-25 20:54:28 UTC,2026-03-25 20:54:50 UTC,https://blog.pinboard.in/2014/07/pinboard_turns_five/
44756041,448_it-is-impossible-to-believe-how-mindblowing-the....txt,It Is Impossible to Believe How Mindblowing These Amazing New Jobs Are,,2026-03-25 20:54:29 UTC,2026-03-25 20:54:50 UTC,https://medium.com/message/it-is-impossible-to-believe-how-mindblowing-these-amazing-new-jobs-are-abf5f3fb39e9
44756042,449_the-dinner-party-metaphor-medium.txt,The dinner party metaphor — Medium,,2026-03-25 20:54:29 UTC,2026-03-25 20:54:50 UTC,https://medium.com/@schauertime/3b4da1457569
44756043,450_humbled-is-the-new-literally.txt,“Humbled” Is the New “Literally”,,2026-03-25 20:54:29 UTC,2026-03-25 20:54:50 UTC,
44756044,451_legacy-currency-medium.txt,Legacy > Currency — Medium,,2026-03-25 20:54:29 UTC,2026-03-25 20:54:50 UTC,https://medium.com/@micah/legacy-currency-a46ea1702308
44756045,452_getting-real-start-with-no-by-37signals.txt,Getting Real: Start With No (by 37signals),,2026-03-25 20:54:29 UTC,2026-03-25 20:54:50 UTC,https://gettingreal.37signals.com/ch05_Start_With_No.php
44756046,453_what-really-affects-a-brand-s-sales-four-pins.txt,What Really Affects A Brand's Sales? - Four Pins,,2026-03-25 20:54:29 UTC,2026-03-25 20:54:50 UTC,http://four-pins.com/style/really-affects-brands-sales/
44756047,454_podcast-networks-work-hard-to-let-hosts-focus-o....txt,Podcast Networks Work Hard To Let Hosts Focus on Shows,,2026-03-25 20:54:29 UTC,2026-03-25 20:54:50 UTC,http://www.midroll.com/podcast-networks-work-hard-let-hosts-focus-shows/
44756048,455_pick-a-peck-of-podcasts-are-networks-still-rele....txt,Pick a Peck of Podcasts: Are Networks Still Relevant?,,2026-03-25 20:54:29 UTC,2026-03-25 20:54:50 UTC,http://glog.glennf.com/blog/2014/6/23/pick-a-peck-of-podcasts-are-networks-still-relevant
44756049,456_the-end-of-the-hipster-how-flat-caps-and-beards....txt,The end of the hipster: how flat caps and beards stopped being so cool,,2026-03-25 20:54:29 UTC,2026-03-25 20:54:50 UTC,http://www.theguardian.com/fashion/2014/jun/22/end-of-the-hipster-flat-caps-and-beards
44756050,457_how-i-learned-to-stop-worrying-about-being-cool....txt,How I Learned to Stop Worrying About Being Cool and Love Blink-182,,2026-03-25 20:54:29 UTC,2026-03-25 20:54:50 UTC,
44756051,458_bill-hoglund-former-pontiac-and-saturn-chief-di....txt,"Bill Hoglund, former Pontiac and Saturn chief, dies at 79",,2026-03-25 20:54:29 UTC,2026-03-25 20:54:50 UTC,http://www.autonews.com/article/20140609/OEM02/140609825/bill-hoglund-former-pontiac-and-saturn-chief-dies-at-79
44756052,459_how-perks-can-divide-us.txt,How Perks Can Divide Us,,2026-03-25 20:54:29 UTC,2026-03-25 20:54:50 UTC,http://modelviewculture.com/pieces/how-perks-can-divide-us
44756053,460_how-perks-can-divide-us.txt,How Perks Can Divide Us,,2026-03-25 20:54:29 UTC,2026-03-25 20:54:50 UTC,http://modelviewculture.com/pieces/how-perks-can-divide-us
44756054,461_how-to-travel-the-world-and-get-companies-to-pa....txt,How to travel the world and get companies to pay for it. — Medium,,2026-03-25 20:54:29 UTC,2026-03-25 20:54:49 UTC,https://medium.com/@CaseyNeistat/25aac0bdfd35
44756055,462_designer-duds-design-founders-medium.txt,Designer Duds — Design Founders — Medium,,2026-03-25 20:54:29 UTC,2026-03-25 20:54:49 UTC,https://medium.com/design-founders/f59c964513ef
44756056,463_designer-duds-design-founders-medium.txt,Designer Duds — Design Founders — Medium,,2026-03-25 20:54:30 UTC,2026-03-25 20:54:49 UTC,https://medium.com/design-founders/f59c964513ef
44756057,464_all-the-fucks-i-give-editor-s-picks-medium.txt,All The Fucks I Give — Editor’s Picks — Medium,,2026-03-25 20:54:30 UTC,2026-03-25 20:54:49 UTC,https://medium.com/editors-picks/5069cbb5a5b1
44756058,465_i-sold-my-house-to-fund-my-company-theli-st-med....txt,I sold my house to fund my company — TheLi.st @ Medium — Medium,,2026-03-25 20:54:30 UTC,2026-03-25 20:54:49 UTC,https://medium.com/theli-st-medium/255f65612d76
44756059,466_a-postcard-from-san-francisco.txt,A Postcard from San Francisco,,2026-03-25 20:54:30 UTC,2026-03-25 20:54:49 UTC,http://www.theawl.com/2014/05/a-postcard-from-san-francisco
44764934,467_note-pdf.pdf,note.pdf,,2026-03-26 05:50:50 UTC,2026-03-26 05:50:53 UTC,
44764935,468_note-5wbz-pdf.pdf,note-5wbz-.pdf,,2026-03-26 05:50:51 UTC,2026-03-26 05:50:57 UTC,
44764936,469_note-hkz7-png.png,note-hkz7-.png,,2026-03-26 05:50:52 UTC,2026-03-26 05:50:58 UTC,
44764937,470_note-png.png,note.png,,2026-03-26 05:50:52 UTC,2026-03-26 05:51:01 UTC,
44764938,471_note-lhyq-png.png,note-lhyq-.png,,2026-03-26 05:50:54 UTC,2026-03-26 05:51:03 UTC,
44764939,472_note-fm0t-png.png,note-fm0t-.png,,2026-03-26 05:50:54 UTC,2026-03-26 05:51:00 UTC,
44764940,473_note-3vnq-pdf.pdf,note-3vnq-.pdf,,2026-03-26 05:50:54 UTC,2026-03-26 05:51:02 UTC,
44764941,474_note-hkz7-pdf.pdf,note-hkz7-.pdf,,2026-03-26 05:50:54 UTC,2026-03-26 05:51:02 UTC,
44764943,475_note-fm0t-pdf.pdf,note-fm0t-.pdf,,2026-03-26 05:50:55 UTC,2026-03-26 05:51:03 UTC,
44764944,476_note-spff-pdf.pdf,note-spff-.pdf,,2026-03-26 05:50:55 UTC,2026-03-26 05:51:04 UTC,
44764945,477_note-5wbz-png.png,note-5wbz-.png,,2026-03-26 05:50:56 UTC,2026-03-26 05:51:06 UTC,
44764946,478_note-3vnq-png.png,note-3vnq-.png,,2026-03-26 05:50:57 UTC,2026-03-26 05:51:09 UTC,
44764947,479_note-lhyq-pdf.pdf,note-lhyq-.pdf,,2026-03-26 05:50:57 UTC,2026-03-26 05:51:05 UTC,
44764948,480_note-spff-png.png,note-spff-.png,,2026-03-26 05:50:57 UTC,2026-03-26 05:51:10 UTC,
44764967,481_untitled.txt,,,2026-03-26 05:52:16 UTC,2026-03-28 06:14:06 UTC,
44764971,482_tony-hsieh-delivering-happiness.txt,Tony Hsieh - delivering happiness,Tony Hsieh - delivering happiness,2026-03-26 05:52:30 UTC,2026-03-26 05:52:43 UTC,
44765028,483_untitled.txt,,,2026-03-26 06:00:02 UTC,2026-03-26 06:00:02 UTC,
44765133,484_untitled.txt,,,2026-03-26 06:05:38 UTC,2026-03-26 06:05:38 UTC,
44765193,485_reading-horace.jpeg,Reading Horace,,2026-03-26 06:07:32 UTC,2026-03-26 06:07:38 UTC,https://austinkleon.com/2018/06/30/reading-horace/
44765220,486_untitled.txt,,,2026-03-26 06:08:23 UTC,2026-03-26 06:08:23 UTC,
44765222,487_untitled.txt,,,2026-03-26 06:08:42 UTC,2026-03-26 06:08:42 UTC,
44765265,488_like-brothers.png,Like Brothers,,2026-03-26 06:09:48 UTC,2026-03-26 06:09:58 UTC,
44765274,489_untitled.txt,,,2026-03-26 06:11:36 UTC,2026-03-26 06:11:36 UTC,
44765279,490_untitled.txt,,,2026-03-26 06:12:42 UTC,2026-03-26 06:12:42 UTC,
44765286,491_untitled.txt,,,2026-03-26 06:13:38 UTC,2026-03-26 06:13:38 UTC,
44765291,492_untitled.txt,,,2026-03-26 06:14:06 UTC,2026-03-26 06:14:06 UTC,
44765317,493_untitled.txt,,,2026-03-26 06:17:49 UTC,2026-03-26 06:17:49 UTC,
44774266,494_untitled.txt,,,2026-03-26 15:13:06 UTC,2026-03-26 15:13:07 UTC,
44774267,495_untitled.txt,,,2026-03-26 15:13:06 UTC,2026-03-26 15:13:07 UTC,
44774268,496_untitled.txt,,,2026-03-26 15:13:06 UTC,2026-03-26 15:13:07 UTC,
44774269,497_untitled.txt,,,2026-03-26 15:13:06 UTC,2026-03-26 15:13:12 UTC,
44774270,498_untitled.txt,,,2026-03-26 15:13:06 UTC,2026-03-26 15:13:18 UTC,
44774271,499_untitled.txt,,,2026-03-26 15:13:06 UTC,2026-03-26 15:13:18 UTC,
44774273,500_untitled.txt,,,2026-03-26 15:13:06 UTC,2026-03-26 15:13:18 UTC,
44774284,501_untitled.txt,,,2026-03-26 15:13:06 UTC,2026-03-26 15:13:19 UTC,
44774294,502_untitled.txt,,,2026-03-26 15:13:07 UTC,2026-03-26 15:13:19 UTC,
44774276,503_untitled.txt,,,2026-03-26 15:13:06 UTC,2026-03-26 15:13:19 UTC,
44774286,504_untitled.txt,,,2026-03-26 15:13:06 UTC,2026-03-26 15:13:19 UTC,
44774299,505_untitled.txt,,,2026-03-26 15:13:07 UTC,2026-03-26 15:13:20 UTC,
44774298,506_untitled.txt,,,2026-03-26 15:13:07 UTC,2026-03-26 15:13:20 UTC,
44774296,507_untitled.txt,,,2026-03-26 15:13:07 UTC,2026-03-26 15:13:20 UTC,
44774295,508_untitled.txt,,,2026-03-26 15:13:07 UTC,2026-03-26 15:13:21 UTC,
44774297,509_untitled.txt,,,2026-03-26 15:13:07 UTC,2026-03-26 15:13:21 UTC,
44774291,510_untitled.txt,,,2026-03-26 15:13:06 UTC,2026-03-26 15:13:21 UTC,
44774281,511_untitled.txt,,,2026-03-26 15:13:06 UTC,2026-03-26 15:13:22 UTC,
44774292,512_untitled.txt,,,2026-03-26 15:13:07 UTC,2026-03-26 15:13:22 UTC,
44774283,513_untitled.txt,,,2026-03-26 15:13:06 UTC,2026-03-26 15:13:22 UTC,
44774304,514_untitled.txt,,,2026-03-26 15:13:07 UTC,2026-03-26 15:13:22 UTC,
44774302,515_untitled.txt,,,2026-03-26 15:13:07 UTC,2026-03-26 15:13:22 UTC,
44774293,516_untitled.txt,,,2026-03-26 15:13:07 UTC,2026-03-26 15:13:22 UTC,
44774280,517_untitled.txt,,,2026-03-26 15:13:06 UTC,2026-03-26 15:13:22 UTC,
44774272,518_untitled.txt,,,2026-03-26 15:13:06 UTC,2026-03-26 15:13:23 UTC,
44774278,519_untitled.txt,,,2026-03-26 15:13:06 UTC,2026-03-26 15:13:23 UTC,
44774288,520_untitled.txt,,,2026-03-26 15:13:06 UTC,2026-03-26 15:13:23 UTC,
44774303,521_untitled.txt,,,2026-03-26 15:13:07 UTC,2026-03-26 15:13:23 UTC,
44774301,522_untitled.txt,,,2026-03-26 15:13:07 UTC,2026-03-26 15:13:23 UTC,
44774282,523_untitled.txt,,,2026-03-26 15:13:06 UTC,2026-03-26 15:13:23 UTC,
44774290,524_untitled.txt,,,2026-03-26 15:13:06 UTC,2026-03-26 15:13:23 UTC,
44774277,525_untitled.txt,,,2026-03-26 15:13:06 UTC,2026-03-26 15:13:24 UTC,
44774316,526_untitled.txt,,,2026-03-26 15:13:08 UTC,2026-03-26 15:13:24 UTC,
44774317,527_untitled.txt,,,2026-03-26 15:13:08 UTC,2026-03-26 15:13:24 UTC,
44774305,528_untitled.txt,,,2026-03-26 15:13:08 UTC,2026-03-26 15:13:24 UTC,
44774285,529_untitled.txt,,,2026-03-26 15:13:06 UTC,2026-03-26 15:13:24 UTC,
44774306,530_untitled.txt,,,2026-03-26 15:13:08 UTC,2026-03-26 15:13:24 UTC,
44774274,531_untitled.txt,,,2026-03-26 15:13:06 UTC,2026-03-26 15:13:24 UTC,
44774307,532_untitled.txt,,,2026-03-26 15:13:08 UTC,2026-03-26 15:13:25 UTC,
44774289,533_untitled.txt,,,2026-03-26 15:13:06 UTC,2026-03-26 15:13:25 UTC,
44774287,534_untitled.txt,,,2026-03-26 15:13:06 UTC,2026-03-26 15:13:25 UTC,
44774308,535_untitled.txt,,,2026-03-26 15:13:08 UTC,2026-03-26 15:13:25 UTC,
44774314,536_untitled.txt,,,2026-03-26 15:13:08 UTC,2026-03-26 15:13:25 UTC,
44774275,537_untitled.txt,,,2026-03-26 15:13:06 UTC,2026-03-26 15:13:25 UTC,
44774310,538_untitled.txt,,,2026-03-26 15:13:08 UTC,2026-03-26 15:13:25 UTC,
44774313,539_untitled.txt,,,2026-03-26 15:13:08 UTC,2026-03-26 15:13:25 UTC,
44774315,540_untitled.txt,,,2026-03-26 15:13:08 UTC,2026-03-26 15:13:25 UTC,
44774311,541_untitled.txt,,,2026-03-26 15:13:08 UTC,2026-03-26 15:13:26 UTC,
44774312,542_untitled.txt,,,2026-03-26 15:13:08 UTC,2026-03-26 15:13:26 UTC,
44774279,543_untitled.txt,,,2026-03-26 15:13:06 UTC,2026-03-26 15:13:26 UTC,
44774300,544_untitled.txt,,,2026-03-26 15:13:07 UTC,2026-03-26 15:13:26 UTC,
44774309,545_untitled.txt,,,2026-03-26 15:13:08 UTC,2026-03-26 15:13:26 UTC,
44774327,546_untitled.txt,,,2026-03-26 15:13:36 UTC,2026-03-26 15:13:37 UTC,
44774328,547_untitled.txt,,,2026-03-26 15:13:36 UTC,2026-03-26 15:13:37 UTC,
44774330,548_untitled.txt,,,2026-03-26 15:13:36 UTC,2026-03-26 15:13:37 UTC,
44774332,549_untitled.txt,,,2026-03-26 15:13:36 UTC,2026-03-26 15:13:37 UTC,
44774333,550_untitled.txt,,,2026-03-26 15:13:36 UTC,2026-03-26 15:13:37 UTC,
44774342,551_untitled.txt,,,2026-03-26 15:13:36 UTC,2026-03-26 15:13:38 UTC,
44774350,552_untitled.txt,,,2026-03-26 15:13:36 UTC,2026-03-26 15:13:38 UTC,
44774349,553_untitled.txt,,,2026-03-26 15:13:36 UTC,2026-03-26 15:13:38 UTC,
44774353,554_untitled.txt,,,2026-03-26 15:13:36 UTC,2026-03-26 15:13:38 UTC,
44774334,555_untitled.txt,,,2026-03-26 15:13:36 UTC,2026-03-26 15:13:39 UTC,
44774362,556_untitled.txt,,,2026-03-26 15:13:37 UTC,2026-03-26 15:13:39 UTC,
44774376,557_untitled.txt,,,2026-03-26 15:13:37 UTC,2026-03-26 15:13:40 UTC,
44774340,558_untitled.txt,,,2026-03-26 15:13:36 UTC,2026-03-26 15:13:40 UTC,
44774370,559_untitled.txt,,,2026-03-26 15:13:37 UTC,2026-03-26 15:13:40 UTC,
44774336,560_untitled.txt,,,2026-03-26 15:13:36 UTC,2026-03-26 15:13:40 UTC,
44774354,561_untitled.txt,,,2026-03-26 15:13:36 UTC,2026-03-26 15:13:40 UTC,
44774348,562_untitled.txt,,,2026-03-26 15:13:36 UTC,2026-03-26 15:13:41 UTC,
44774355,563_untitled.txt,,,2026-03-26 15:13:36 UTC,2026-03-26 15:13:41 UTC,
44774351,564_untitled.txt,,,2026-03-26 15:13:36 UTC,2026-03-26 15:13:41 UTC,
44774347,565_untitled.txt,,,2026-03-26 15:13:36 UTC,2026-03-26 15:13:41 UTC,
44774331,566_untitled.txt,,,2026-03-26 15:13:36 UTC,2026-03-26 15:13:41 UTC,
44774335,567_untitled.txt,,,2026-03-26 15:13:36 UTC,2026-03-26 15:13:41 UTC,
44774369,568_untitled.txt,,,2026-03-26 15:13:37 UTC,2026-03-26 15:13:41 UTC,
44774372,569_untitled.txt,,,2026-03-26 15:13:37 UTC,2026-03-26 15:13:42 UTC,
44774374,570_untitled.txt,,,2026-03-26 15:13:37 UTC,2026-03-26 15:13:42 UTC,
44774356,571_untitled.txt,,,2026-03-26 15:13:36 UTC,2026-03-26 15:13:42 UTC,
44774346,572_untitled.txt,,,2026-03-26 15:13:36 UTC,2026-03-26 15:13:42 UTC,
44774371,573_untitled.txt,,,2026-03-26 15:13:37 UTC,2026-03-26 15:13:42 UTC,
44774357,574_untitled.txt,,,2026-03-26 15:13:36 UTC,2026-03-26 15:13:42 UTC,
44774359,575_untitled.txt,,,2026-03-26 15:13:37 UTC,2026-03-26 15:13:42 UTC,
44774364,576_untitled.txt,,,2026-03-26 15:13:37 UTC,2026-03-26 15:13:43 UTC,
44774352,577_untitled.txt,,,2026-03-26 15:13:36 UTC,2026-03-26 15:13:43 UTC,
44774363,578_untitled.txt,,,2026-03-26 15:13:37 UTC,2026-03-26 15:13:43 UTC,
44774343,579_untitled.txt,,,2026-03-26 15:13:36 UTC,2026-03-26 15:13:43 UTC,
44774360,580_untitled.txt,,,2026-03-26 15:13:37 UTC,2026-03-26 15:13:43 UTC,
44774341,581_untitled.txt,,,2026-03-26 15:13:36 UTC,2026-03-26 15:13:43 UTC,
44774344,582_untitled.txt,,,2026-03-26 15:13:36 UTC,2026-03-26 15:13:44 UTC,
44774345,583_untitled.txt,,,2026-03-26 15:13:36 UTC,2026-03-26 15:13:44 UTC,
44774329,584_untitled.txt,,,2026-03-26 15:13:36 UTC,2026-03-26 15:13:44 UTC,
44774373,585_untitled.txt,,,2026-03-26 15:13:37 UTC,2026-03-26 15:13:44 UTC,
44774366,586_untitled.txt,,,2026-03-26 15:13:37 UTC,2026-03-26 15:13:44 UTC,
44774375,587_untitled.txt,,,2026-03-26 15:13:37 UTC,2026-03-26 15:13:45 UTC,
44774365,588_untitled.txt,,,2026-03-26 15:13:37 UTC,2026-03-26 15:13:45 UTC,
44774337,589_untitled.txt,,,2026-03-26 15:13:36 UTC,2026-03-26 15:13:45 UTC,
44774367,590_untitled.txt,,,2026-03-26 15:13:37 UTC,2026-03-26 15:13:45 UTC,
44774338,591_untitled.txt,,,2026-03-26 15:13:36 UTC,2026-03-26 15:13:45 UTC,
44774358,592_untitled.txt,,,2026-03-26 15:13:36 UTC,2026-03-26 15:13:46 UTC,
44774339,593_untitled.txt,,,2026-03-26 15:13:36 UTC,2026-03-26 15:13:46 UTC,
44774361,594_untitled.txt,,,2026-03-26 15:13:37 UTC,2026-03-26 15:13:46 UTC,
44774368,595_untitled.txt,,,2026-03-26 15:13:37 UTC,2026-03-26 15:13:46 UTC,
44774385,596_untitled.txt,,,2026-03-26 15:13:55 UTC,2026-03-26 15:13:56 UTC,
44774386,597_untitled.txt,,,2026-03-26 15:13:55 UTC,2026-03-26 15:13:56 UTC,
44774387,598_untitled.txt,,,2026-03-26 15:13:55 UTC,2026-03-26 15:13:57 UTC,
44774389,599_untitled.txt,,,2026-03-26 15:13:55 UTC,2026-03-26 15:13:57 UTC,
44774392,600_untitled.txt,,,2026-03-26 15:13:55 UTC,2026-03-26 15:13:57 UTC,
44774401,601_untitled.txt,,,2026-03-26 15:13:56 UTC,2026-03-26 15:13:57 UTC,
44774399,602_untitled.txt,,,2026-03-26 15:13:56 UTC,2026-03-26 15:13:57 UTC,
44774411,603_untitled.txt,,,2026-03-26 15:13:56 UTC,2026-03-26 15:13:57 UTC,
44774416,604_untitled.txt,,,2026-03-26 15:13:56 UTC,2026-03-26 15:13:57 UTC,
44774394,605_untitled.txt,,,2026-03-26 15:13:56 UTC,2026-03-26 15:13:58 UTC,
44774426,606_untitled.txt,,,2026-03-26 15:13:56 UTC,2026-03-26 15:13:58 UTC,
44774414,607_untitled.txt,,,2026-03-26 15:13:56 UTC,2026-03-26 15:13:58 UTC,
44774395,608_untitled.txt,,,2026-03-26 15:13:56 UTC,2026-03-26 15:13:58 UTC,
44774429,609_untitled.txt,,,2026-03-26 15:13:56 UTC,2026-03-26 15:13:58 UTC,
44774435,610_untitled.txt,,,2026-03-26 15:13:56 UTC,2026-03-26 15:13:58 UTC,
44774412,611_untitled.txt,,,2026-03-26 15:13:56 UTC,2026-03-26 15:13:58 UTC,
44774406,612_untitled.txt,,,2026-03-26 15:13:56 UTC,2026-03-26 15:13:58 UTC,
44774431,613_untitled.txt,,,2026-03-26 15:13:56 UTC,2026-03-26 15:13:58 UTC,
44774418,614_untitled.txt,,,2026-03-26 15:13:56 UTC,2026-03-26 15:13:58 UTC,
44774436,615_untitled.txt,,,2026-03-26 15:13:56 UTC,2026-03-26 15:13:58 UTC,
44774390,616_untitled.txt,,,2026-03-26 15:13:55 UTC,2026-03-26 15:13:58 UTC,
44774397,617_untitled.txt,,,2026-03-26 15:13:56 UTC,2026-03-26 15:13:58 UTC,
44774434,618_untitled.txt,,,2026-03-26 15:13:56 UTC,2026-03-26 15:13:58 UTC,
44774432,619_untitled.txt,,,2026-03-26 15:13:56 UTC,2026-03-26 15:13:58 UTC,
44774421,620_untitled.txt,,,2026-03-26 15:13:56 UTC,2026-03-26 15:13:58 UTC,
44774404,621_untitled.txt,,,2026-03-26 15:13:56 UTC,2026-03-26 15:13:58 UTC,
44774420,622_untitled.txt,,,2026-03-26 15:13:56 UTC,2026-03-26 15:13:58 UTC,
44774396,623_untitled.txt,,,2026-03-26 15:13:56 UTC,2026-03-26 15:13:59 UTC,
44774425,624_untitled.txt,,,2026-03-26 15:13:56 UTC,2026-03-26 15:13:59 UTC,
44774398,625_untitled.txt,,,2026-03-26 15:13:56 UTC,2026-03-26 15:13:59 UTC,
44774423,626_untitled.txt,,,2026-03-26 15:13:56 UTC,2026-03-26 15:13:59 UTC,
44774400,627_untitled.txt,,,2026-03-26 15:13:56 UTC,2026-03-26 15:13:59 UTC,
44774419,628_untitled.txt,,,2026-03-26 15:13:56 UTC,2026-03-26 15:13:59 UTC,
44774428,629_untitled.txt,,,2026-03-26 15:13:56 UTC,2026-03-26 15:13:59 UTC,
44774413,630_untitled.txt,,,2026-03-26 15:13:56 UTC,2026-03-26 15:13:59 UTC,
44774422,631_untitled.txt,,,2026-03-26 15:13:56 UTC,2026-03-26 15:13:59 UTC,
44774403,632_untitled.txt,,,2026-03-26 15:13:56 UTC,2026-03-26 15:13:59 UTC,
44774415,633_untitled.txt,,,2026-03-26 15:13:56 UTC,2026-03-26 15:13:59 UTC,
44774388,634_untitled.txt,,,2026-03-26 15:13:55 UTC,2026-03-26 15:14:00 UTC,
44774407,635_untitled.txt,,,2026-03-26 15:13:56 UTC,2026-03-26 15:13:59 UTC,
44774405,636_untitled.txt,,,2026-03-26 15:13:56 UTC,2026-03-26 15:13:59 UTC,
44774424,637_untitled.txt,,,2026-03-26 15:13:56 UTC,2026-03-26 15:13:59 UTC,
44774410,638_untitled.txt,,,2026-03-26 15:13:56 UTC,2026-03-26 15:14:00 UTC,
44774438,639_untitled.txt,,,2026-03-26 15:13:59 UTC,2026-03-26 15:14:00 UTC,
44774445,640_untitled.txt,,,2026-03-26 15:13:59 UTC,2026-03-26 15:14:00 UTC,
44774448,641_untitled.txt,,,2026-03-26 15:13:59 UTC,2026-03-26 15:14:00 UTC,
44774450,642_untitled.txt,,,2026-03-26 15:13:59 UTC,2026-03-26 15:14:00 UTC,
44774408,643_untitled.txt,,,2026-03-26 15:13:56 UTC,2026-03-26 15:14:00 UTC,
44774449,644_untitled.txt,,,2026-03-26 15:13:59 UTC,2026-03-26 15:14:00 UTC,
44774447,645_untitled.txt,,,2026-03-26 15:13:59 UTC,2026-03-26 15:14:00 UTC,
44774440,646_untitled.txt,,,2026-03-26 15:13:59 UTC,2026-03-26 15:14:00 UTC,
44774391,647_untitled.txt,,,2026-03-26 15:13:55 UTC,2026-03-26 15:14:01 UTC,
44774446,648_untitled.txt,,,2026-03-26 15:13:59 UTC,2026-03-26 15:14:01 UTC,
44774409,649_untitled.txt,,,2026-03-26 15:13:56 UTC,2026-03-26 15:14:01 UTC,
44774443,650_untitled.txt,,,2026-03-26 15:13:59 UTC,2026-03-26 15:14:01 UTC,
44774444,651_untitled.txt,,,2026-03-26 15:13:59 UTC,2026-03-26 15:14:01 UTC,
44774430,652_untitled.txt,,,2026-03-26 15:13:56 UTC,2026-03-26 15:14:01 UTC,
44774402,653_untitled.txt,,,2026-03-26 15:13:56 UTC,2026-03-26 15:14:01 UTC,
44774442,654_untitled.txt,,,2026-03-26 15:13:59 UTC,2026-03-26 15:14:02 UTC,
44774441,655_untitled.txt,,,2026-03-26 15:13:59 UTC,2026-03-26 15:14:02 UTC,
44774439,656_untitled.txt,,,2026-03-26 15:13:59 UTC,2026-03-26 15:14:02 UTC,
44774393,657_untitled.txt,,,2026-03-26 15:13:55 UTC,2026-03-26 15:14:01 UTC,
44774417,658_untitled.txt,,,2026-03-26 15:13:56 UTC,2026-03-26 15:14:02 UTC,
44774454,659_untitled.txt,,,2026-03-26 15:14:05 UTC,2026-03-26 15:14:07 UTC,
44774455,660_untitled.txt,,,2026-03-26 15:14:05 UTC,2026-03-26 15:14:06 UTC,
44774456,661_untitled.txt,,,2026-03-26 15:14:05 UTC,2026-03-26 15:14:07 UTC,
44774457,662_untitled.txt,,,2026-03-26 15:14:05 UTC,2026-03-26 15:14:07 UTC,
44774460,663_untitled.txt,,,2026-03-26 15:14:05 UTC,2026-03-26 15:14:07 UTC,
44774464,664_untitled.txt,,,2026-03-26 15:14:06 UTC,2026-03-26 15:14:07 UTC,
44774458,665_untitled.txt,,,2026-03-26 15:14:05 UTC,2026-03-26 15:14:07 UTC,
44774469,666_untitled.txt,,,2026-03-26 15:14:06 UTC,2026-03-26 15:14:07 UTC,
44774472,667_untitled.txt,,,2026-03-26 15:14:06 UTC,2026-03-26 15:14:07 UTC,
44774484,668_untitled.txt,,,2026-03-26 15:14:06 UTC,2026-03-26 15:14:07 UTC,
44774481,669_untitled.txt,,,2026-03-26 15:14:06 UTC,2026-03-26 15:14:07 UTC,
44774493,670_untitled.txt,,,2026-03-26 15:14:06 UTC,2026-03-26 15:14:08 UTC,
44774483,671_untitled.txt,,,2026-03-26 15:14:06 UTC,2026-03-26 15:14:08 UTC,
44774491,672_untitled.txt,,,2026-03-26 15:14:06 UTC,2026-03-26 15:14:08 UTC,
44774474,673_untitled.txt,,,2026-03-26 15:14:06 UTC,2026-03-26 15:14:08 UTC,
44774470,674_untitled.txt,,,2026-03-26 15:14:06 UTC,2026-03-26 15:14:08 UTC,
44774490,675_untitled.txt,,,2026-03-26 15:14:06 UTC,2026-03-26 15:14:08 UTC,
44774492,676_untitled.txt,,,2026-03-26 15:14:06 UTC,2026-03-26 15:14:08 UTC,
44774476,677_untitled.txt,,,2026-03-26 15:14:06 UTC,2026-03-26 15:14:08 UTC,
44774471,678_untitled.txt,,,2026-03-26 15:14:06 UTC,2026-03-26 15:14:08 UTC,
44774465,679_untitled.txt,,,2026-03-26 15:14:06 UTC,2026-03-26 15:14:08 UTC,
44774467,680_untitled.txt,,,2026-03-26 15:14:06 UTC,2026-03-26 15:14:08 UTC,
44774473,681_untitled.txt,,,2026-03-26 15:14:06 UTC,2026-03-26 15:14:08 UTC,
44774468,682_untitled.txt,,,2026-03-26 15:14:06 UTC,2026-03-26 15:14:08 UTC,
44774475,683_untitled.txt,,,2026-03-26 15:14:06 UTC,2026-03-26 15:14:08 UTC,
44774505,684_untitled.txt,,,2026-03-26 15:14:07 UTC,2026-03-26 15:14:08 UTC,
44774461,685_untitled.txt,,,2026-03-26 15:14:05 UTC,2026-03-26 15:14:09 UTC,
44774482,686_untitled.txt,,,2026-03-26 15:14:06 UTC,2026-03-26 15:14:08 UTC,
44774510,687_untitled.txt,,,2026-03-26 15:14:07 UTC,2026-03-26 15:14:08 UTC,
44774515,688_untitled.txt,,,2026-03-26 15:14:07 UTC,2026-03-26 15:14:08 UTC,
44774488,689_untitled.txt,,,2026-03-26 15:14:06 UTC,2026-03-26 15:14:09 UTC,
44774477,690_untitled.txt,,,2026-03-26 15:14:06 UTC,2026-03-26 15:14:09 UTC,
44774502,691_untitled.txt,,,2026-03-26 15:14:07 UTC,2026-03-26 15:14:09 UTC,
44774514,692_untitled.txt,,,2026-03-26 15:14:07 UTC,2026-03-26 15:14:09 UTC,
44774504,693_untitled.txt,,,2026-03-26 15:14:07 UTC,2026-03-26 15:14:09 UTC,
44774487,694_untitled.txt,,,2026-03-26 15:14:06 UTC,2026-03-26 15:14:09 UTC,
44774479,695_untitled.txt,,,2026-03-26 15:14:06 UTC,2026-03-26 15:14:09 UTC,
44774506,696_untitled.txt,,,2026-03-26 15:14:07 UTC,2026-03-26 15:14:09 UTC,
44774497,697_untitled.txt,,,2026-03-26 15:14:07 UTC,2026-03-26 15:14:09 UTC,
44774486,698_untitled.txt,,,2026-03-26 15:14:06 UTC,2026-03-26 15:14:09 UTC,
44774459,699_untitled.txt,,,2026-03-26 15:14:05 UTC,2026-03-26 15:14:09 UTC,
44774485,700_untitled.txt,,,2026-03-26 15:14:06 UTC,2026-03-26 15:14:09 UTC,
44774498,701_untitled.txt,,,2026-03-26 15:14:07 UTC,2026-03-26 15:14:09 UTC,
44774463,702_untitled.txt,,,2026-03-26 15:14:05 UTC,2026-03-26 15:14:09 UTC,
44774513,703_untitled.txt,,,2026-03-26 15:14:07 UTC,2026-03-26 15:14:09 UTC,
44774478,704_untitled.txt,,,2026-03-26 15:14:06 UTC,2026-03-26 15:14:09 UTC,
44774509,705_untitled.txt,,,2026-03-26 15:14:07 UTC,2026-03-26 15:14:09 UTC,
44774499,706_untitled.txt,,,2026-03-26 15:14:07 UTC,2026-03-26 15:14:09 UTC,
44774516,707_untitled.txt,,,2026-03-26 15:14:07 UTC,2026-03-26 15:14:09 UTC,
44774507,708_untitled.txt,,,2026-03-26 15:14:07 UTC,2026-03-26 15:14:10 UTC,
44774512,709_untitled.txt,,,2026-03-26 15:14:07 UTC,2026-03-26 15:14:10 UTC,
44774503,710_untitled.txt,,,2026-03-26 15:14:07 UTC,2026-03-26 15:14:10 UTC,
44774489,711_untitled.txt,,,2026-03-26 15:14:06 UTC,2026-03-26 15:14:10 UTC,
44774480,712_untitled.txt,,,2026-03-26 15:14:06 UTC,2026-03-26 15:14:10 UTC,
44774508,713_untitled.txt,,,2026-03-26 15:14:07 UTC,2026-03-26 15:14:10 UTC,
44774501,714_untitled.txt,,,2026-03-26 15:14:07 UTC,2026-03-26 15:14:10 UTC,
44774495,715_untitled.txt,,,2026-03-26 15:14:07 UTC,2026-03-26 15:14:10 UTC,
44774496,716_untitled.txt,,,2026-03-26 15:14:07 UTC,2026-03-26 15:14:10 UTC,
44774462,717_untitled.txt,,,2026-03-26 15:14:05 UTC,2026-03-26 15:14:10 UTC,
44774466,718_untitled.txt,,,2026-03-26 15:14:06 UTC,2026-03-26 15:14:10 UTC,
44774500,719_untitled.txt,,,2026-03-26 15:14:07 UTC,2026-03-26 15:14:10 UTC,
44774511,720_untitled.txt,,,2026-03-26 15:14:07 UTC,2026-03-26 15:14:10 UTC,
44774518,721_untitled.txt,,,2026-03-26 15:14:13 UTC,2026-03-26 15:14:14 UTC,
44774519,722_untitled.txt,,,2026-03-26 15:14:13 UTC,2026-03-26 15:14:14 UTC,
44774521,723_untitled.txt,,,2026-03-26 15:14:13 UTC,2026-03-26 15:14:14 UTC,
44774520,724_untitled.txt,,,2026-03-26 15:14:13 UTC,2026-03-26 15:14:14 UTC,
44774523,725_untitled.txt,,,2026-03-26 15:14:13 UTC,2026-03-26 15:14:15 UTC,
44774527,726_untitled.txt,,,2026-03-26 15:14:13 UTC,2026-03-26 15:14:14 UTC,
44774525,727_untitled.txt,,,2026-03-26 15:14:13 UTC,2026-03-26 15:14:15 UTC,
44774524,728_untitled.txt,,,2026-03-26 15:14:13 UTC,2026-03-26 15:14:15 UTC,
44774533,729_untitled.txt,,,2026-03-26 15:14:13 UTC,2026-03-26 15:14:15 UTC,
44774528,730_untitled.txt,,,2026-03-26 15:14:13 UTC,2026-03-26 15:14:15 UTC,
44774539,731_untitled.txt,,,2026-03-26 15:14:13 UTC,2026-03-26 15:14:15 UTC,
44774541,732_untitled.txt,,,2026-03-26 15:14:13 UTC,2026-03-26 15:14:15 UTC,
44774542,733_untitled.txt,,,2026-03-26 15:14:13 UTC,2026-03-26 15:14:15 UTC,
44774540,734_untitled.txt,,,2026-03-26 15:14:13 UTC,2026-03-26 15:14:15 UTC,
44774543,735_untitled.txt,,,2026-03-26 15:14:13 UTC,2026-03-26 15:14:15 UTC,
44774534,736_untitled.txt,,,2026-03-26 15:14:13 UTC,2026-03-26 15:14:15 UTC,
44774537,737_untitled.txt,,,2026-03-26 15:14:13 UTC,2026-03-26 15:14:15 UTC,
44774544,738_untitled.txt,,,2026-03-26 15:14:13 UTC,2026-03-26 15:14:15 UTC,
44774552,739_untitled.txt,,,2026-03-26 15:14:14 UTC,2026-03-26 15:14:15 UTC,
44774535,740_untitled.txt,,,2026-03-26 15:14:13 UTC,2026-03-26 15:14:15 UTC,
44774529,741_untitled.txt,,,2026-03-26 15:14:13 UTC,2026-03-26 15:14:15 UTC,
44774530,742_untitled.txt,,,2026-03-26 15:14:13 UTC,2026-03-26 15:14:15 UTC,
44774531,743_untitled.txt,,,2026-03-26 15:14:13 UTC,2026-03-26 15:14:15 UTC,
44774559,744_untitled.txt,,,2026-03-26 15:14:14 UTC,2026-03-26 15:14:16 UTC,
44774538,745_untitled.txt,,,2026-03-26 15:14:13 UTC,2026-03-26 15:14:15 UTC,
44774548,746_untitled.txt,,,2026-03-26 15:14:13 UTC,2026-03-26 15:14:15 UTC,
44774536,747_untitled.txt,,,2026-03-26 15:14:13 UTC,2026-03-26 15:14:15 UTC,
44774564,748_untitled.txt,,,2026-03-26 15:14:14 UTC,2026-03-26 15:14:16 UTC,
44774545,749_untitled.txt,,,2026-03-26 15:14:13 UTC,2026-03-26 15:14:16 UTC,
44774547,750_untitled.txt,,,2026-03-26 15:14:13 UTC,2026-03-26 15:14:16 UTC,
44774522,751_untitled.txt,,,2026-03-26 15:14:13 UTC,2026-03-26 15:14:16 UTC,
44774554,752_untitled.txt,,,2026-03-26 15:14:14 UTC,2026-03-26 15:14:16 UTC,
44774565,753_untitled.txt,,,2026-03-26 15:14:14 UTC,2026-03-26 15:14:16 UTC,
44774546,754_untitled.txt,,,2026-03-26 15:14:13 UTC,2026-03-26 15:14:16 UTC,
44774532,755_untitled.txt,,,2026-03-26 15:14:13 UTC,2026-03-26 15:14:16 UTC,
44774571,756_untitled.txt,,,2026-03-26 15:14:14 UTC,2026-03-26 15:14:16 UTC,
44774549,757_untitled.txt,,,2026-03-26 15:14:14 UTC,2026-03-26 15:14:16 UTC,
44774563,758_untitled.txt,,,2026-03-26 15:14:14 UTC,2026-03-26 15:14:16 UTC,
44774556,759_untitled.txt,,,2026-03-26 15:14:14 UTC,2026-03-26 15:14:16 UTC,
44774566,760_untitled.txt,,,2026-03-26 15:14:14 UTC,2026-03-26 15:14:17 UTC,
44774567,761_untitled.txt,,,2026-03-26 15:14:14 UTC,2026-03-26 15:14:16 UTC,
44774550,762_untitled.txt,,,2026-03-26 15:14:14 UTC,2026-03-26 15:14:17 UTC,
44774572,763_untitled.txt,,,2026-03-26 15:14:14 UTC,2026-03-26 15:14:17 UTC,
44774562,764_untitled.txt,,,2026-03-26 15:14:14 UTC,2026-03-26 15:14:18 UTC,
44774561,765_untitled.txt,,,2026-03-26 15:14:14 UTC,2026-03-26 15:14:18 UTC,
44774557,766_untitled.txt,,,2026-03-26 15:14:14 UTC,2026-03-26 15:14:18 UTC,
44774526,767_untitled.txt,,,2026-03-26 15:14:13 UTC,2026-03-26 15:14:18 UTC,
44774551,768_untitled.txt,,,2026-03-26 15:14:14 UTC,2026-03-26 15:14:18 UTC,
44774558,769_untitled.txt,,,2026-03-26 15:14:14 UTC,2026-03-26 15:14:18 UTC,
44774568,770_untitled.txt,,,2026-03-26 15:14:14 UTC,2026-03-26 15:14:18 UTC,
44774560,771_untitled.txt,,,2026-03-26 15:14:14 UTC,2026-03-26 15:14:18 UTC,
44774555,772_untitled.txt,,,2026-03-26 15:14:14 UTC,2026-03-26 15:14:18 UTC,
44774570,773_untitled.txt,,,2026-03-26 15:14:14 UTC,2026-03-26 15:14:18 UTC,
44774569,774_untitled.txt,,,2026-03-26 15:14:14 UTC,2026-03-26 15:14:19 UTC,
44774575,775_untitled.txt,,,2026-03-26 15:14:21 UTC,2026-03-26 15:14:22 UTC,
44774576,776_untitled.txt,,,2026-03-26 15:14:21 UTC,2026-03-26 15:14:22 UTC,
44774577,777_untitled.txt,,,2026-03-26 15:14:21 UTC,2026-03-26 15:14:22 UTC,
44774578,778_untitled.txt,,,2026-03-26 15:14:21 UTC,2026-03-26 15:14:23 UTC,
44774579,779_untitled.txt,,,2026-03-26 15:14:21 UTC,2026-03-26 15:14:23 UTC,
44774580,780_untitled.txt,,,2026-03-26 15:14:21 UTC,2026-03-26 15:14:23 UTC,
44774581,781_untitled.txt,,,2026-03-26 15:14:21 UTC,2026-03-26 15:14:23 UTC,
44774588,782_untitled.txt,,,2026-03-26 15:14:21 UTC,2026-03-26 15:14:23 UTC,
44774586,783_untitled.txt,,,2026-03-26 15:14:21 UTC,2026-03-26 15:14:23 UTC,
44774598,784_untitled.txt,,,2026-03-26 15:14:22 UTC,2026-03-26 15:14:23 UTC,
44774589,785_untitled.txt,,,2026-03-26 15:14:21 UTC,2026-03-26 15:14:23 UTC,
44774594,786_untitled.txt,,,2026-03-26 15:14:21 UTC,2026-03-26 15:14:23 UTC,
44774593,787_untitled.txt,,,2026-03-26 15:14:21 UTC,2026-03-26 15:14:23 UTC,
44774591,788_untitled.txt,,,2026-03-26 15:14:21 UTC,2026-03-26 15:14:23 UTC,
44774595,789_untitled.txt,,,2026-03-26 15:14:21 UTC,2026-03-26 15:14:23 UTC,
44774583,790_untitled.txt,,,2026-03-26 15:14:21 UTC,2026-03-26 15:14:24 UTC,
44774596,791_untitled.txt,,,2026-03-26 15:14:21 UTC,2026-03-26 15:14:23 UTC,
44774585,792_untitled.txt,,,2026-03-26 15:14:21 UTC,2026-03-26 15:14:24 UTC,
44774592,793_untitled.txt,,,2026-03-26 15:14:21 UTC,2026-03-26 15:14:23 UTC,
44774597,794_untitled.txt,,,2026-03-26 15:14:21 UTC,2026-03-26 15:14:24 UTC,
44774606,795_untitled.txt,,,2026-03-26 15:14:22 UTC,2026-03-26 15:14:23 UTC,
44774590,796_untitled.txt,,,2026-03-26 15:14:21 UTC,2026-03-26 15:14:24 UTC,
44774601,797_untitled.txt,,,2026-03-26 15:14:22 UTC,2026-03-26 15:14:24 UTC,
44774587,798_untitled.txt,,,2026-03-26 15:14:21 UTC,2026-03-26 15:14:24 UTC,
44774623,799_untitled.txt,,,2026-03-26 15:14:23 UTC,2026-03-26 15:14:24 UTC,
44774605,800_untitled.txt,,,2026-03-26 15:14:22 UTC,2026-03-26 15:14:24 UTC,
44774603,801_untitled.txt,,,2026-03-26 15:14:22 UTC,2026-03-26 15:14:24 UTC,
44774610,802_untitled.txt,,,2026-03-26 15:14:23 UTC,2026-03-26 15:14:24 UTC,
44774602,803_untitled.txt,,,2026-03-26 15:14:22 UTC,2026-03-26 15:14:24 UTC,
44774604,804_untitled.txt,,,2026-03-26 15:14:22 UTC,2026-03-26 15:14:24 UTC,
44774612,805_untitled.txt,,,2026-03-26 15:14:23 UTC,2026-03-26 15:14:24 UTC,
44774613,806_untitled.txt,,,2026-03-26 15:14:23 UTC,2026-03-26 15:14:24 UTC,
44774616,807_untitled.txt,,,2026-03-26 15:14:23 UTC,2026-03-26 15:14:24 UTC,
44774615,808_untitled.txt,,,2026-03-26 15:14:23 UTC,2026-03-26 15:14:25 UTC,
44774607,809_untitled.txt,,,2026-03-26 15:14:22 UTC,2026-03-26 15:14:24 UTC,
44774619,810_untitled.txt,,,2026-03-26 15:14:23 UTC,2026-03-26 15:14:25 UTC,
44774622,811_untitled.txt,,,2026-03-26 15:14:23 UTC,2026-03-26 15:14:25 UTC,
44774614,812_untitled.txt,,,2026-03-26 15:14:23 UTC,2026-03-26 15:14:25 UTC,
44774620,813_untitled.txt,,,2026-03-26 15:14:23 UTC,2026-03-26 15:14:25 UTC,
44774617,814_untitled.txt,,,2026-03-26 15:14:23 UTC,2026-03-26 15:14:25 UTC,
44774584,815_untitled.txt,,,2026-03-26 15:14:21 UTC,2026-03-26 15:14:25 UTC,
44774600,816_untitled.txt,,,2026-03-26 15:14:22 UTC,2026-03-26 15:14:26 UTC,
44774618,817_untitled.txt,,,2026-03-26 15:14:23 UTC,2026-03-26 15:14:26 UTC,
44774621,818_untitled.txt,,,2026-03-26 15:14:23 UTC,2026-03-26 15:14:26 UTC,
44774608,819_untitled.txt,,,2026-03-26 15:14:22 UTC,2026-03-26 15:14:26 UTC,
44774582,820_untitled.txt,,,2026-03-26 15:14:21 UTC,2026-03-26 15:14:26 UTC,
44774611,821_untitled.txt,,,2026-03-26 15:14:23 UTC,2026-03-26 15:14:26 UTC,
44774627,822_untitled.txt,,,2026-03-26 15:14:28 UTC,2026-03-26 15:14:30 UTC,
44774628,823_untitled.txt,,,2026-03-26 15:14:28 UTC,2026-03-26 15:14:30 UTC,
44774629,824_untitled.txt,,,2026-03-26 15:14:28 UTC,2026-03-26 15:14:30 UTC,
44774630,825_untitled.txt,,,2026-03-26 15:14:29 UTC,2026-03-26 15:14:30 UTC,
44774634,826_untitled.txt,,,2026-03-26 15:14:29 UTC,2026-03-26 15:14:30 UTC,
44774638,827_untitled.txt,,,2026-03-26 15:14:29 UTC,2026-03-26 15:14:30 UTC,
44774639,828_untitled.txt,,,2026-03-26 15:14:29 UTC,2026-03-26 15:14:30 UTC,
44774641,829_untitled.txt,,,2026-03-26 15:14:29 UTC,2026-03-26 15:14:31 UTC,
44774644,830_untitled.txt,,,2026-03-26 15:14:29 UTC,2026-03-26 15:14:31 UTC,
44774637,831_untitled.txt,,,2026-03-26 15:14:29 UTC,2026-03-26 15:14:31 UTC,
44774632,832_untitled.txt,,,2026-03-26 15:14:29 UTC,2026-03-26 15:14:31 UTC,
44774635,833_untitled.txt,,,2026-03-26 15:14:29 UTC,2026-03-26 15:14:31 UTC,
44774658,834_untitled.txt,,,2026-03-26 15:14:29 UTC,2026-03-26 15:14:31 UTC,
44774636,835_untitled.txt,,,2026-03-26 15:14:29 UTC,2026-03-26 15:14:31 UTC,
44774633,836_untitled.txt,,,2026-03-26 15:14:29 UTC,2026-03-26 15:14:31 UTC,
44774657,837_untitled.txt,,,2026-03-26 15:14:29 UTC,2026-03-26 15:14:32 UTC,
44774643,838_untitled.txt,,,2026-03-26 15:14:29 UTC,2026-03-26 15:14:33 UTC,
44774654,839_untitled.txt,,,2026-03-26 15:14:29 UTC,2026-03-26 15:14:33 UTC,
44774655,840_untitled.txt,,,2026-03-26 15:14:29 UTC,2026-03-26 15:14:33 UTC,
44774648,841_untitled.txt,,,2026-03-26 15:14:29 UTC,2026-03-26 15:14:33 UTC,
44774640,842_untitled.txt,,,2026-03-26 15:14:29 UTC,2026-03-26 15:14:33 UTC,
44774656,843_untitled.txt,,,2026-03-26 15:14:29 UTC,2026-03-26 15:14:33 UTC,
44774651,844_untitled.txt,,,2026-03-26 15:14:29 UTC,2026-03-26 15:14:33 UTC,
44774650,845_untitled.txt,,,2026-03-26 15:14:29 UTC,2026-03-26 15:14:33 UTC,
44774649,846_untitled.txt,,,2026-03-26 15:14:29 UTC,2026-03-26 15:14:33 UTC,
44774631,847_untitled.txt,,,2026-03-26 15:14:29 UTC,2026-03-26 15:14:32 UTC,
44774652,848_untitled.txt,,,2026-03-26 15:14:29 UTC,2026-03-26 15:14:33 UTC,
44774647,849_untitled.txt,,,2026-03-26 15:14:29 UTC,2026-03-26 15:14:33 UTC,
44774645,850_untitled.txt,,,2026-03-26 15:14:29 UTC,2026-03-26 15:14:33 UTC,
44774653,851_untitled.txt,,,2026-03-26 15:14:29 UTC,2026-03-26 15:14:34 UTC,
44774646,852_untitled.txt,,,2026-03-26 15:14:29 UTC,2026-03-26 15:14:34 UTC,
44774642,853_untitled.txt,,,2026-03-26 15:14:29 UTC,2026-03-26 15:14:34 UTC,
44774660,854_untitled.txt,,,2026-03-26 15:14:37 UTC,2026-03-26 15:14:39 UTC,
44774661,855_untitled.txt,,,2026-03-26 15:14:37 UTC,2026-03-26 15:14:39 UTC,
44774662,856_untitled.txt,,,2026-03-26 15:14:37 UTC,2026-03-26 15:14:39 UTC,
44774663,857_untitled.txt,,,2026-03-26 15:14:37 UTC,2026-03-26 15:14:39 UTC,
44774678,858_untitled.txt,,,2026-03-26 15:14:38 UTC,2026-03-26 15:14:39 UTC,
44774664,859_untitled.txt,,,2026-03-26 15:14:38 UTC,2026-03-26 15:14:39 UTC,
44774665,860_untitled.txt,,,2026-03-26 15:14:38 UTC,2026-03-26 15:14:39 UTC,
44774680,861_untitled.txt,,,2026-03-26 15:14:38 UTC,2026-03-26 15:14:39 UTC,
44774669,862_untitled.txt,,,2026-03-26 15:14:38 UTC,2026-03-26 15:14:40 UTC,
44774671,863_untitled.txt,,,2026-03-26 15:14:38 UTC,2026-03-26 15:14:40 UTC,
44774670,864_untitled.txt,,,2026-03-26 15:14:38 UTC,2026-03-26 15:14:40 UTC,
44774677,865_untitled.txt,,,2026-03-26 15:14:38 UTC,2026-03-26 15:14:40 UTC,
44774675,866_untitled.txt,,,2026-03-26 15:14:38 UTC,2026-03-26 15:14:40 UTC,
44774681,867_untitled.txt,,,2026-03-26 15:14:38 UTC,2026-03-26 15:14:40 UTC,
44774667,868_untitled.txt,,,2026-03-26 15:14:38 UTC,2026-03-26 15:14:40 UTC,
44774672,869_untitled.txt,,,2026-03-26 15:14:38 UTC,2026-03-26 15:14:40 UTC,
44774674,870_untitled.txt,,,2026-03-26 15:14:38 UTC,2026-03-26 15:14:40 UTC,
44774682,871_untitled.txt,,,2026-03-26 15:14:38 UTC,2026-03-26 15:14:40 UTC,
44774673,872_untitled.txt,,,2026-03-26 15:14:38 UTC,2026-03-26 15:14:41 UTC,
44774683,873_untitled.txt,,,2026-03-26 15:14:39 UTC,2026-03-26 15:14:40 UTC,
44774676,874_untitled.txt,,,2026-03-26 15:14:38 UTC,2026-03-26 15:14:40 UTC,
44774679,875_untitled.txt,,,2026-03-26 15:14:38 UTC,2026-03-26 15:14:40 UTC,
44774666,876_untitled.txt,,,2026-03-26 15:14:38 UTC,2026-03-26 15:14:40 UTC,
44774685,877_untitled.txt,,,2026-03-26 15:14:39 UTC,2026-03-26 15:14:40 UTC,
44774684,878_untitled.txt,,,2026-03-26 15:14:39 UTC,2026-03-26 15:14:41 UTC,
44774687,879_untitled.txt,,,2026-03-26 15:14:39 UTC,2026-03-26 15:14:40 UTC,
44774686,880_untitled.txt,,,2026-03-26 15:14:39 UTC,2026-03-26 15:14:40 UTC,
44774688,881_untitled.txt,,,2026-03-26 15:14:40 UTC,2026-03-26 15:14:41 UTC,
44774668,882_untitled.txt,,,2026-03-26 15:14:38 UTC,2026-03-26 15:14:41 UTC,
44820652,883_seamus-slade-seamus_slade-instagram-reel.webloc,Seamus Slade (@seamus_slade) • Instagram reel,"5,819 likes, 160 comments - seamus_slade on March 25, 2026: “So what’s your alternative? Full post on Substack, link in bio”.",2026-03-28 06:30:46 UTC,2026-03-28 06:30:50 UTC,https://www.instagram.com/reel/DWUAr40jaJt/?igsh=NjZiM2M3MzIxNA==
44891127,884_image-png.png,image.png,,2026-03-30 20:19:14 UTC,2026-06-01 17:13:46 UTC,
45782764,885_untitled.txt,,"Highlight from: AI Style Guides: How to Help AI Write Like You
Source:  https://every.to/guides/ai-style-guide",2026-05-02 19:34:56 UTC,2026-05-02 19:34:56 UTC,
45782799,886_untitled.txt,,"Highlight from: Everybody in Menswear Wants to Live in This Brand's World
Source:  https://www.gq.com/story/ghiaia-cashmere-menswear-guide",2026-05-02 19:38:35 UTC,2026-05-02 19:38:35 UTC,
45821434,887_make-a-scene.txt,Make a scene,via https://forstarters.co/p/issue-63?,2026-05-04 04:54:16 UTC,2026-05-04 04:56:37 UTC,https://mail.google.com/mail/u/0/#inbox/FMfcgzQgLXxjvgLdVqDVBgdNwRJGDBbc
45925376,888_if-the-phone-doesn-t-ring.txt,If the Phone Doesn’t Ring . . .,,2026-05-07 17:33:54 UTC,2026-05-07 17:33:54 UTC,https://www.thesmallbow.com/p/if-the-phone-doesn-t-ring?utm_source=www.thesmallbow.com&utm_medium=newsletter&utm_campaign=if-the-phone-doesn-t-ring&_bhlid=f82a5ee6e24c9206fed2030a50793bf0eb52d7ea
46172189,889_working-on-niche-personally-meaningful-projects....webloc,"Working on niche, personally-meaningful projects brings weirder, more serendipitous inbounds",Work with the garage door up,2026-05-15 06:04:51 UTC,2026-05-15 06:05:03 UTC,https://notes.andymatuschak.org/zHV89H7dqnrvNvwXHBSGog9
46172192,890_work-with-the-garage-door-up.webloc,Work with the garage door up,"One of my favorite ways that creative people communicate is by “working with their garage door up,” to riff on a passage from Robin Sloan (below). This is the opposite of the Twitter account which mostly posts announcements of finished work: it’s Screenshot Saturday; it’s giving a lecture about the problems you’re pondering in the shower; it’s thinking out loud about the ways in which your project doesn’t work at all. It’s so much of Twitch. I want to see the process. I want to see you trim the artichoke. I want to see you choose the color palette. Anti-marketing, after Michael Nielsen.",2026-05-15 06:05:02 UTC,2026-05-15 06:05:14 UTC,https://notes.andymatuschak.org/zCMhncA1iSE74MKKYQS5PBZ
46172318,891_wisdom-wisdom-md-at-master-merlinmann-wisdom.webloc,wisdom/wisdom.md at master · merlinmann/wisdom,Merlin Mann attempts to capture the best advice he’s heard and learned from. - merlinmann/wisdom,2026-05-15 06:17:26 UTC,2026-05-15 06:17:36 UTC,https://github.com/merlinmann/wisdom/blob/master/wisdom.md
46250265,892_untitled.txt,,"Highlight from: A blog post is a very long and complex search query to find fascinating people and make them route interesting stuff to your inbox
Source:  https://www.henrikkarlsson.xyz/p/search-query",2026-05-17 05:13:01 UTC,2026-05-18 20:49:45 UTC,
46250296,893_untitled.txt,,"Highlight from: A blog post is a very long and complex search query to find fascinating people and make them route interesting stuff to your inbox
Source:  https://www.henrikkarlsson.xyz/p/search-query",2026-05-17 05:16:20 UTC,2026-05-18 20:49:42 UTC,
46308838,894_d7c39943-9e17-4657-a85e-5ec95e4ccd22.jpeg,D7C39943-9E17-4657-A85E-5EC95E4CCD22,,2026-05-19 03:07:46 UTC,2026-05-19 03:07:50 UTC,
46308863,895_tomorrow-and-tomorrow-and-tomorrow.jpeg,Tomorrow and Tomorrow and Tomorrow,,2026-05-19 03:09:44 UTC,2026-05-19 03:10:22 UTC,
46308864,896_tomorrow-and-tomorrow-and-tomorrow.jpeg,Tomorrow and Tomorrow and Tomorrow,,2026-05-19 03:09:44 UTC,2026-05-19 03:10:32 UTC,
46308895,897_tomorrow-and-tomorrow-and-tomorrow.jpeg,Tomorrow and Tomorrow and Tomorrow,,2026-05-19 03:12:25 UTC,2026-05-19 03:12:29 UTC,
46344861,898_my-struggle-book-1-by-karl-knausgaard-page-238.jpeg,My Struggle (Book #1) by Karl Knausgaard (Page 238),,2026-05-20 05:30:25 UTC,2026-05-20 05:30:29 UTC,
46345005,899_untitled.txt,,"Highlight from: Looking for Alice
Source:  https://www.henrikkarlsson.xyz/p/looking-for-alice",2026-05-20 05:45:36 UTC,2026-05-20 05:45:36 UTC,
46373475,900_soul-md-build-a-composable-ai-agent-identity.txt,SOUL.MD — Build a Composable AI Agent Identity,,2026-05-21 04:00:59 UTC,2026-05-21 04:02:10 UTC,https://www.soul-md.xyz/#quickstart
46423825,901_c82105da-bb94-4bcc-8c7a-ebb8755a9f89.jpeg,C82105DA-BB94-4BCC-8C7A-EBB8755A9F89,Via https://maggieappleton.com/ai-dark-forest,2026-05-22 19:03:19 UTC,2026-05-22 19:03:23 UTC,
46423841,902_untitled.txt,,"Highlight from: The Dark Forest and Generative AI
Source:  https://maggieappleton.com/ai-dark-forest",2026-05-22 19:04:11 UTC,2026-05-22 19:04:11 UTC,
46423935,903_untitled.txt,,"Highlight from: The Dark Forest and Generative AI
Source:  https://maggieappleton.com/ai-dark-forest",2026-05-22 19:08:21 UTC,2026-05-22 19:08:21 UTC,
46423941,904_untitled.txt,,"Highlight from: The Dark Forest and Generative AI
Source:  https://maggieappleton.com/ai-dark-forest",2026-05-22 19:08:46 UTC,2026-05-22 19:08:46 UTC,
46428933,905_untitled.txt,,"Highlight from: A Brief History & Ethos of the Digital Garden
Source:  https://maggieappleton.com/garden-history",2026-05-22 22:35:21 UTC,2026-05-22 22:35:21 UTC,
46428973,906_untitled.txt,,"Highlight from: A Brief History & Ethos of the Digital Garden
Source:  https://maggieappleton.com/garden-history",2026-05-22 22:39:13 UTC,2026-05-30 11:37:07 UTC,
46428977,907_untitled.txt,,"Highlight from: A Brief History & Ethos of the Digital Garden
Source:  https://maggieappleton.com/garden-history",2026-05-22 22:39:53 UTC,2026-05-22 22:39:53 UTC,
46429096,908_chaos-streams-digital-gardens-and-cultivated-pe....jpeg,"Chaos Streams, Digital Gardens, and Cultivated Performance",Via https://maggieappleton.com/garden-history,2026-05-22 22:52:36 UTC,2026-05-22 22:52:39 UTC,
46431184,909_untitled.txt,,"Highlight from: 🌱 My blog is a digital garden, not a blog
Source:  https://joelhooks.com/digital-garden/",2026-05-23 01:38:23 UTC,2026-05-23 01:38:23 UTC,
46431939,910_untitled.txt,,"Highlight from: A Big Little Idea Called Legibility
Source:  https://ribbonfarm.com/2010/07/26/a-big-little-idea-called-legibility/",2026-05-23 02:55:34 UTC,2026-05-23 02:55:34 UTC,
46431958,911_untitled.txt,,"Highlight from: A Big Little Idea Called Legibility
Source:  https://ribbonfarm.com/2010/07/26/a-big-little-idea-called-legibility/",2026-05-23 02:57:21 UTC,2026-05-23 02:57:21 UTC,
46431996,912_untitled.txt,,"Highlight from: A Big Little Idea Called Legibility
Source:  https://ribbonfarm.com/2010/07/26/a-big-little-idea-called-legibility/",2026-05-23 03:00:14 UTC,2026-05-23 03:00:14 UTC,
46432002,913_legible.jpeg,legible,,2026-05-23 03:01:01 UTC,2026-05-23 03:01:04 UTC,https://ribbonfarm.com/static/media/2010/07/legible.jpg
46462916,914_untitled.txt,,"Highlight from: Twitter’s Former Head of Trust and Safety Finally Breaks Her Silence
Source:  https://www.wired.com/story/del-harvey-twitter-trust-and-safety-breaks-her-silence/",2026-05-24 22:08:28 UTC,2026-05-24 22:08:28 UTC,
46466626,915_untitled.txt,,"Highlight from: Domestic Cozy: 1
Source:  https://ribbonfarm.com/2019/03/04/domestic-cozy-1/",2026-05-25 01:38:58 UTC,2026-05-25 01:38:58 UTC,
46466629,916_untitled.txt,,"Highlight from: Domestic Cozy: 1
Source:  https://ribbonfarm.com/2019/03/04/domestic-cozy-1/",2026-05-25 01:39:16 UTC,2026-05-25 01:39:16 UTC,
46538889,917_i-hate-all-photos-of-myself-and-i-can-t-seem-to....txt,'I Hate All Photos of Myself And I Can't Seem to Get Over It!',,2026-05-27 18:31:12 UTC,2026-05-27 18:31:12 UTC,https://www.ask-polly.com/p/i-hate-all-photos-of-myself-and-i?utm_source=post-email-title&publication_id=30395&post_id=199349352&utm_campaign=email-post-title&isFreemail=true&r=286p0&triedRedirect=true&utm_medium=email
46539142,918_i-hate-all-photos-of-myself-and-i-can-t-seem-to....txt,'I Hate All Photos of Myself And I Can't Seem to Get Over It!',,2026-05-27 18:41:17 UTC,2026-05-27 18:41:17 UTC,https://www.ask-polly.com/p/i-hate-all-photos-of-myself-and-i?utm_source=post-email-title&publication_id=30395&post_id=199349352&utm_campaign=email-post-title&isFreemail=true&r=286p0&triedRedirect=true&utm_medium=email
46579690,919_untitled.txt,,"Highlight from: What Working At Stripe Has Been Like | Kalzumeus Software
Source:  https://www.kalzumeus.com/2020/10/09/four-years-at-stripe/",2026-05-29 05:04:38 UTC,2026-05-29 05:04:38 UTC,
46579707,920_untitled.txt,,"Highlight from: What Working At Stripe Has Been Like | Kalzumeus Software
Source:  https://www.kalzumeus.com/2020/10/09/four-years-at-stripe/",2026-05-29 05:06:49 UTC,2026-05-29 05:06:49 UTC,
46579863,921_untitled.txt,,"Highlight from: What Working At Stripe Has Been Like | Kalzumeus Software
Source:  https://www.kalzumeus.com/2020/10/09/four-years-at-stripe/",2026-05-29 05:13:37 UTC,2026-05-29 05:13:37 UTC,
46580690,922_untitled.txt,,"Highlight from: What Working At Stripe Has Been Like | Kalzumeus Software
Source:  https://www.kalzumeus.com/2020/10/09/four-years-at-stripe/",2026-05-29 05:56:22 UTC,2026-05-29 05:56:22 UTC,
46721569,923_untitled.txt,,via Nicholas Thompson (https://www.dialectic.fm/nick-thompson),2026-06-03 15:52:18 UTC,2026-06-03 15:57:13 UTC,